[{"html_description": "<p>Selected problems from weeks 1-4</p>", "handin_start": 1519657259, "self_grading_group_visibility": "ONLY_SELF", "being_created": false, "weight": 1.0, "peergrading_start": 1519916459, "dict_students_allowed_late_peergrading": {}, "enable_old_style_constructive_score": true, "handin_mail_sent": false, "is_grouping_fixed": false, "reverse_categories": false, "allow_flagging": true, "course": "5a3a21af0b8d050012569853", "grades_per_student": 3, "self_grading": false, "enable_categories": false, "pre_distributed_grades": false, "dict_students_allowed_late_handin": {}, "visible_evaluation_giver": false, "categories": [], "maximum_group_size": 3, "reaction_rubric": "5a67048882ea10d65c794c43", "allow_all_students_to_view_feedback": true, "peergrading_end": 1520895599, "handin_end": 1519858799, "title": "Assignment 1", "is_weighted": false, "peergrading_mail_sent": false, "visible_evaluation_receiver": false, "allow_all_students_to_peergrade": false, "enable_rubric_preview": false, "grades_per_handin": 4, "allowed_file_types": ["ipynb"], "grasp_teacher_sid": "cbe5afddf1304265b54e32e095c14352", "allowed_handin_types": ["FILE_UPLOAD"], "are_groups_fixed": false, "feedback_rubric": "5a5616ebf48aa5e1a58463ae", "_id": "5a3a21af0b8d050012569879", "sections": ["5a3a21af0b8d050012569859", "5a3a21af0b8d050012569860", "5a3a21af0b8d050012569864", "5a3a21af0b8d050012569867", "5a3a21af0b8d05001256986d", "5a3a21af0b8d050012569871", "5a3a21af0b8d050012569874", "5a3a21af0b8d050012569878"], "flag_show_teacher_resolution": true, "show_flags": true}, {"html_description": "<p>Selected problems from weeks 5-8</p>", "handin_start": 1521730859, "self_grading_group_visibility": "ONLY_SELF", "being_created": false, "weight": 1.0, "peergrading_start": 1522926059, "dict_students_allowed_late_peergrading": {}, "enable_old_style_constructive_score": true, "handin_mail_sent": false, "is_grouping_fixed": false, "reverse_categories": false, "allow_flagging": true, "course": "5a3a21af0b8d050012569853", "grades_per_student": 2, "self_grading": false, "enable_categories": false, "pre_distributed_grades": false, "dict_students_allowed_late_handin": {}, "visible_evaluation_giver": false, "categories": [], "maximum_group_size": 3, "reaction_rubric": "5a67048882ea10d65c794c4c", "allow_all_students_to_view_feedback": true, "peergrading_end": 1523228399, "handin_end": 1522882799, "title": "Assignment 2", "is_weighted": false, "peergrading_mail_sent": false, "visible_evaluation_receiver": false, "allow_all_students_to_peergrade": false, "enable_rubric_preview": false, "grades_per_handin": 4, "allowed_file_types": [], "grasp_teacher_sid": "0236b142f5d54357a860965c73a2d545", "allowed_handin_types": ["FILE_UPLOAD"], "are_groups_fixed": false, "feedback_rubric": "5a5616ebf48aa5e1a58463af", "_id": "5a3a21b00b8d050012569897", "sections": ["5a3a21b00b8d050012569881", "5a3a21b00b8d050012569886", "5a3a21b00b8d05001256988b", "5a3a21b00b8d05001256988f", "5a3a21b00b8d050012569892", "5a3a21b00b8d050012569896"], "flag_show_teacher_resolution": true, "show_flags": true}]