[
{
  "_id": ObjectId("5a3a21af0b8d050012569879"),
  "title": "Assignment 1",
  "html_description": "<p>Selected problems from weeks 1-4</p>",
  "sections": [
    ObjectId("5a3a21af0b8d050012569859"),
    ObjectId("5a3a21af0b8d050012569860"),
    ObjectId("5a3a21af0b8d050012569864"),
    ObjectId("5a3a21af0b8d050012569867"),
    ObjectId("5a3a21af0b8d05001256986d"),
    ObjectId("5a3a21af0b8d050012569871"),
    ObjectId("5a3a21af0b8d050012569874"),
    ObjectId("5a3a21af0b8d050012569878")
  ],
  "course": ObjectId("5a3a21af0b8d050012569853"),
  "allowed_handin_types": [
    "FILE_UPLOAD"
  ],
  "allowed_file_types": [
    "ipynb"
  ],
  "being_created": false,
  "enable_categories": false,
  "reverse_categories": false,
  "categories": [

  ],
  "dict_students_allowed_late_handin": {

  },
  "dict_students_allowed_late_peergrading": {

  },
  "handin_start": new Date("2018-02-26T16:00:59+0100"),
  "handin_end": new Date("2018-02-28T23:59:59+0100"),
  "peergrading_start": new Date("2018-03-01T16:00:59+0100"),
  "peergrading_end": new Date("2018-03-12T23:59:59+0100"),
  "handin_mail_sent": false,
  "peergrading_mail_sent": false,
  "self_grading": false,
  "self_grading_group_visibility": "ONLY_SELF",
  "grades_per_handin": 4,
  "grades_per_student": 3,
  "maximum_group_size": 3,
  "is_grouping_fixed": false,
  "pre_distributed_grades": false,
  "enable_rubric_preview": false,
  "allow_all_students_to_peergrade": false,
  "allow_all_students_to_view_feedback": true,
  "show_flags": true,
  "allow_flagging": true,
  "flag_show_teacher_resolution": true,
  "visible_evaluation_giver": false,
  "visible_evaluation_receiver": false,
  "enable_old_style_constructive_score": true,
  "is_weighted": false,
  "weight": 1.0,
  "grasp_teacher_sid": "cbe5afddf1304265b54e32e095c14352",
  "feedback_rubric": ObjectId("5a5616ebf48aa5e1a58463ae"),
  "reaction_rubric": ObjectId("5a67048882ea10d65c794c43"),
  "are_groups_fixed": false
},
{
  "_id": ObjectId("5a3a21b00b8d050012569897"),
  "title": "Assignment 2",
  "html_description": "<p>Selected problems from weeks 5-8</p>",
  "sections": [
    ObjectId("5a3a21b00b8d050012569881"),
    ObjectId("5a3a21b00b8d050012569886"),
    ObjectId("5a3a21b00b8d05001256988b"),
    ObjectId("5a3a21b00b8d05001256988f"),
    ObjectId("5a3a21b00b8d050012569892"),
    ObjectId("5a3a21b00b8d050012569896")
  ],
  "course": ObjectId("5a3a21af0b8d050012569853"),
  "allowed_handin_types": [
    "FILE_UPLOAD"
  ],
  "allowed_file_types": [

  ],
  "being_created": false,
  "enable_categories": false,
  "reverse_categories": false,
  "categories": [

  ],
  "dict_students_allowed_late_handin": {

  },
  "dict_students_allowed_late_peergrading": {

  },
  "handin_start": new Date("2018-03-22T16:00:59+0100"),
  "handin_end": new Date("2018-04-04T23:59:59+0200"),
  "peergrading_start": new Date("2018-04-05T12:00:59+0200"),
  "peergrading_end": new Date("2018-04-08T23:59:59+0200"),
  "handin_mail_sent": false,
  "peergrading_mail_sent": false,
  "self_grading": false,
  "self_grading_group_visibility": "ONLY_SELF",
  "grades_per_handin": 4,
  "grades_per_student": 2,
  "maximum_group_size": 3,
  "is_grouping_fixed": false,
  "pre_distributed_grades": false,
  "enable_rubric_preview": false,
  "allow_all_students_to_peergrade": false,
  "allow_all_students_to_view_feedback": true,
  "show_flags": true,
  "allow_flagging": true,
  "flag_show_teacher_resolution": true,
  "visible_evaluation_giver": false,
  "visible_evaluation_receiver": false,
  "enable_old_style_constructive_score": true,
  "is_weighted": false,
  "weight": 1.0,
  "grasp_teacher_sid": "0236b142f5d54357a860965c73a2d545",
  "feedback_rubric": ObjectId("5a5616ebf48aa5e1a58463af"),
  "reaction_rubric": ObjectId("5a67048882ea10d65c794c4c"),
  "are_groups_fixed": false
}
]
