[
{
  "_id": ObjectId("5a96d21a91362e0011ef4b49"),
  "assignment": ObjectId("5a3a21af0b8d050012569879"),
  "students": [
    ObjectId("5a96ce6cefb5dc000fa50977")
  ],
  "type": "FILE_UPLOAD",
  "submitter": ObjectId("5a96ce6cefb5dc000fa50977"),
  "file_url": "https://peergrade.s3-eu-west-1.amazonaws.com/676238353439760.ipynb",
  "mime_type": "",
  "is_problematic": false,
  "should_give_feedback": true,
  "deleted_at": new Date(1519833889617)
},
{
  "_id": ObjectId("5a96d321e2639500124d748f"),
  "assignment": ObjectId("5a3a21af0b8d050012569879"),
  "students": [
    ObjectId("5a96ce6cefb5dc000fa50977"),
    ObjectId("5a96d308ece60c000fb354c5")
  ],
  "type": "FILE_UPLOAD",
  "submitter": ObjectId("5a96ce6cefb5dc000fa50977"),
  "file_url": "https://peergrade.s3-eu-west-1.amazonaws.com/676238353439760.ipynb",
  "mime_type": "",
  "is_problematic": false,
  "should_give_feedback": true,
  "deleted_at": new Date(1519837313551)
},
{
  "_id": ObjectId("5a96d34b96b455000ffabffa"),
  "assignment": ObjectId("5a3a21af0b8d050012569879"),
  "students": [
    ObjectId("5a969ac21b83a20010b485c9"),
    ObjectId("5a96d2420cdd8c0012d652ef"),
    ObjectId("5a96d2eb0cdd8c000fd85484")
  ],
  "type": "FILE_UPLOAD",
  "submitter": ObjectId("5a96d2eb0cdd8c000fd85484"),
  "file_url": "https://peergrade.s3-eu-west-1.amazonaws.com/138567222981721.ipynb",
  "mime_type": "",
  "is_problematic": false,
  "should_give_feedback": true
},
{
  "_id": ObjectId("5a96e081ece60c0010b97289"),
  "assignment": ObjectId("5a3a21af0b8d050012569879"),
  "students": [
    ObjectId("5a96ce6cefb5dc000fa50977"),
    ObjectId("5a96d308ece60c000fb354c5")
  ],
  "type": "FILE_UPLOAD",
  "submitter": ObjectId("5a96ce6cefb5dc000fa50977"),
  "file_url": "https://peergrade.s3-eu-west-1.amazonaws.com/324497917546219.ipynb",
  "mime_type": "",
  "is_problematic": false,
  "should_give_feedback": true,
  "deleted_at": new Date(1519849799946)
},
{
  "_id": ObjectId("5a96f3bffbeb7f006ad56a41"),
  "assignment": ObjectId("5a3a21af0b8d050012569879"),
  "students": [
    ObjectId("5a96f3450cdd8c0011d8e30e"),
    ObjectId("5a96f345fbeb7f001256ad62"),
    ObjectId("5a96f34d96b455000ffac55c")
  ],
  "type": "FILE_UPLOAD",
  "submitter": ObjectId("5a96f345fbeb7f001256ad62"),
  "file_url": "https://peergrade.s3-eu-west-1.amazonaws.com/332716886830935.ipynb",
  "mime_type": "",
  "is_problematic": false,
  "should_give_feedback": true
},
{
  "_id": ObjectId("5a9704a29e72380012c1b911"),
  "assignment": ObjectId("5a3a21af0b8d050012569879"),
  "students": [
    ObjectId("5a96f40b0cdd8c000fd85969"),
    ObjectId("5a96f6dcfbeb7f001017ba31")
  ],
  "type": "FILE_UPLOAD",
  "submitter": ObjectId("5a96f6dcfbeb7f001017ba31"),
  "file_url": "https://peergrade.s3-eu-west-1.amazonaws.com/987189380141254.ipynb",
  "mime_type": "",
  "is_problematic": false,
  "should_give_feedback": true
},
{
  "_id": ObjectId("5a970a9ae2639500124d7e7e"),
  "assignment": ObjectId("5a3a21af0b8d050012569879"),
  "students": [
    ObjectId("5a970a6996b455000ffac915"),
    ObjectId("5a970a8396b45500104b1419")
  ],
  "type": "FILE_UPLOAD",
  "submitter": ObjectId("5a970a6996b455000ffac915"),
  "file_url": "https://peergrade.s3-eu-west-1.amazonaws.com/24014260655729.ipynb",
  "mime_type": "",
  "is_problematic": false,
  "should_give_feedback": true
},
{
  "_id": ObjectId("5a97114791362e00124d9c89"),
  "assignment": ObjectId("5a3a21af0b8d050012569879"),
  "students": [
    ObjectId("5a96ce6cefb5dc000fa50977"),
    ObjectId("5a96d308ece60c000fb354c5")
  ],
  "type": "FILE_UPLOAD",
  "submitter": ObjectId("5a96ce6cefb5dc000fa50977"),
  "file_url": "https://peergrade.s3-eu-west-1.amazonaws.com/47193237681300.ipynb",
  "mime_type": "",
  "is_problematic": false,
  "should_give_feedback": true
},
{
  "_id": ObjectId("5a9711af0cdd8c001026a176"),
  "assignment": ObjectId("5a3a21af0b8d050012569879"),
  "students": [
    ObjectId("5a971172fbeb7f001017bdb0")
  ],
  "type": "FILE_UPLOAD",
  "submitter": ObjectId("5a971172fbeb7f001017bdb0"),
  "file_url": "https://peergrade.s3-eu-west-1.amazonaws.com/11175277363089.ipynb",
  "mime_type": "",
  "is_problematic": false,
  "should_give_feedback": true,
  "deleted_at": new Date(1519852140972)
},
{
  "_id": ObjectId("5a97179091362e00124d9da1"),
  "assignment": ObjectId("5a3a21af0b8d050012569879"),
  "students": [
    ObjectId("5a902285c13a6c0011644389"),
    ObjectId("5a96e13cfbeb7f0011e7318d"),
    ObjectId("5a971302fbeb7f001017be06")
  ],
  "type": "FILE_UPLOAD",
  "submitter": ObjectId("5a971302fbeb7f001017be06"),
  "file_url": "https://peergrade.s3-eu-west-1.amazonaws.com/470298676587051.ipynb",
  "mime_type": "",
  "is_problematic": false,
  "should_give_feedback": true
},
{
  "_id": ObjectId("5a9718fe0cdd8c001026a279"),
  "assignment": ObjectId("5a3a21af0b8d050012569879"),
  "students": [
    ObjectId("5a952a05cb184b0010e396cf"),
    ObjectId("5a96b116ece60c000fb34ee5"),
    ObjectId("5a96b13f0cdd8c000fd8505b")
  ],
  "type": "FILE_UPLOAD",
  "submitter": ObjectId("5a96b116ece60c000fb34ee5"),
  "file_url": "https://peergrade.s3-eu-west-1.amazonaws.com/488001056728634.ipynb",
  "mime_type": "",
  "is_problematic": false,
  "should_give_feedback": true
},
{
  "_id": ObjectId("5a971a6c96b455001230985e"),
  "assignment": ObjectId("5a3a21af0b8d050012569879"),
  "students": [
    ObjectId("5a971172fbeb7f001017bdb0")
  ],
  "type": "FILE_UPLOAD",
  "submitter": ObjectId("5a971172fbeb7f001017bdb0"),
  "file_url": "https://peergrade.s3-eu-west-1.amazonaws.com/539406373942640.ipynb",
  "mime_type": "",
  "is_problematic": false,
  "should_give_feedback": true,
  "deleted_at": new Date(1519852202734)
},
{
  "_id": ObjectId("5a971abd96b455005af34ca4"),
  "assignment": ObjectId("5a3a21af0b8d050012569879"),
  "students": [
    ObjectId("5a971172fbeb7f001017bdb0")
  ],
  "type": "FILE_UPLOAD",
  "submitter": ObjectId("5a971172fbeb7f001017bdb0"),
  "file_url": "https://peergrade.s3-eu-west-1.amazonaws.com/257413698999855.ipynb",
  "mime_type": "",
  "is_problematic": false,
  "should_give_feedback": true,
  "deleted_at": new Date(1519852393337)
},
{
  "_id": ObjectId("5a971b1296b4550012309885"),
  "assignment": ObjectId("5a3a21af0b8d050012569879"),
  "students": [
    ObjectId("5a971999e26395006ebf8bde")
  ],
  "type": "FILE_UPLOAD",
  "submitter": ObjectId("5a971999e26395006ebf8bde"),
  "file_url": "https://peergrade.s3-eu-west-1.amazonaws.com/186362901571882.ipynb",
  "mime_type": "",
  "is_problematic": false,
  "should_give_feedback": true
},
{
  "_id": ObjectId("5a971b6991362e005cac1057"),
  "assignment": ObjectId("5a3a21af0b8d050012569879"),
  "students": [
    ObjectId("5a971172fbeb7f001017bdb0")
  ],
  "type": "FILE_UPLOAD",
  "submitter": ObjectId("5a971172fbeb7f001017bdb0"),
  "file_url": "https://peergrade.s3-eu-west-1.amazonaws.com/926684944868477.ipynb",
  "mime_type": "",
  "is_problematic": false,
  "should_give_feedback": true
},
{
  "_id": ObjectId("5a9721bcfbeb7f001017c05a"),
  "assignment": ObjectId("5a3a21af0b8d050012569879"),
  "students": [
    ObjectId("5a947fd38bf2e50012c6b516")
  ],
  "type": "FILE_UPLOAD",
  "submitter": ObjectId("5a947fd38bf2e50012c6b516"),
  "file_url": "https://peergrade.s3-eu-west-1.amazonaws.com/970446337104125.ipynb",
  "mime_type": "",
  "is_problematic": true,
  "should_give_feedback": true
},
{
  "_id": ObjectId("5a972511ece60c001286df5d"),
  "assignment": ObjectId("5a3a21af0b8d050012569879"),
  "students": [
    ObjectId("5a97248d91362e005cac1151"),
    ObjectId("5a9724a70cdd8c0059e56a3e")
  ],
  "type": "FILE_UPLOAD",
  "submitter": ObjectId("5a9724a70cdd8c0059e56a3e"),
  "file_url": "https://peergrade.s3-eu-west-1.amazonaws.com/27470566305499.ipynb",
  "mime_type": "",
  "is_problematic": true,
  "should_give_feedback": true
},
{
  "_id": ObjectId("5a9726c8fbeb7f0058760870"),
  "assignment": ObjectId("5a3a21af0b8d050012569879"),
  "students": [
    ObjectId("5a97235a96b455000ffacd04")
  ],
  "type": "FILE_UPLOAD",
  "submitter": ObjectId("5a97235a96b455000ffacd04"),
  "file_url": "https://peergrade.s3-eu-west-1.amazonaws.com/255290232249538.ipynb",
  "mime_type": "",
  "is_problematic": false,
  "should_give_feedback": true
},
{
  "_id": ObjectId("5a973046ece60c006bb1c79f"),
  "assignment": ObjectId("5a3a21af0b8d050012569879"),
  "students": [
    ObjectId("5a952f471947d4001140a578")
  ],
  "type": "FILE_UPLOAD",
  "submitter": ObjectId("5a952f471947d4001140a578"),
  "file_url": "https://peergrade.s3-eu-west-1.amazonaws.com/864792978236308.ipynb",
  "mime_type": "",
  "is_problematic": false,
  "should_give_feedback": true
},
{
  "_id": ObjectId("5a9732f096b455000fface38"),
  "assignment": ObjectId("5a3a21af0b8d050012569879"),
  "students": [
    ObjectId("5a9732d3e26395005bc29d34")
  ],
  "type": "FILE_UPLOAD",
  "submitter": ObjectId("5a9732d3e26395005bc29d34"),
  "file_url": "https://peergrade.s3-eu-west-1.amazonaws.com/4948851335083.ipynb",
  "mime_type": "",
  "is_problematic": false,
  "should_give_feedback": true
},
{
  "_id": ObjectId("5a981549dd08f40012b02009"),
  "assignment": ObjectId("5a3a21af0b8d050012569879"),
  "students": [
    ObjectId("5a8ec28f0e7c2a000fe80992")
  ],
  "type": "FILE_UPLOAD",
  "submitter": ObjectId("5a8ec28f0e7c2a000fe80992"),
  "file_url": "https://peergrade.s3-eu-west-1.amazonaws.com/905096814233795.ipynb",
  "mime_type": "",
  "is_problematic": false,
  "should_give_feedback": true,
  "deleted_at": new Date(1519916932773)
},
{
  "_id": ObjectId("5a9817843398400010a68d49"),
  "assignment": ObjectId("5a3a21af0b8d050012569879"),
  "students": [
    ObjectId("5a8ec28f0e7c2a000fe80992")
  ],
  "type": "FILE_UPLOAD",
  "submitter": ObjectId("5a8ec28f0e7c2a000fe80992"),
  "file_url": "https://peergrade.s3-eu-west-1.amazonaws.com/841739011560787.ipynb",
  "mime_type": "",
  "is_problematic": false,
  "should_give_feedback": true
},
{
  "_id": ObjectId("5ac2aa726d341c00103fa72e"),
  "assignment": ObjectId("5a3a21b00b8d050012569897"),
  "students": [
    ObjectId("5a96ce6cefb5dc000fa50977")
  ],
  "type": "FILE_UPLOAD",
  "submitter": ObjectId("5a96ce6cefb5dc000fa50977"),
  "file_url": "https://peergrade.s3-eu-west-1.amazonaws.com/805223393381876.ipynb",
  "mime_type": "",
  "is_problematic": false,
  "should_give_feedback": true,
  "deleted_at": new Date(1522709981890)
},
{
  "_id": ObjectId("5ac2b5dd4a352f00104a2cbb"),
  "assignment": ObjectId("5a3a21b00b8d050012569897"),
  "students": [
    ObjectId("5a96ce6cefb5dc000fa50977")
  ],
  "type": "FILE_UPLOAD",
  "submitter": ObjectId("5a96ce6cefb5dc000fa50977"),
  "file_url": "https://peergrade.s3-eu-west-1.amazonaws.com/805223393381876.ipynb",
  "mime_type": "",
  "is_problematic": false,
  "should_give_feedback": true,
  "deleted_at": new Date(1522710003305)
},
{
  "_id": ObjectId("5ac2b5f34a352f0058d71bae"),
  "assignment": ObjectId("5a3a21b00b8d050012569897"),
  "students": [
    ObjectId("5a96ce6cefb5dc000fa50977")
  ],
  "type": "FILE_UPLOAD",
  "submitter": ObjectId("5a96ce6cefb5dc000fa50977"),
  "file_url": "https://peergrade.s3-eu-west-1.amazonaws.com/488054226093001.ipynb",
  "mime_type": "",
  "is_problematic": false,
  "should_give_feedback": true
},
{
  "_id": ObjectId("5ac486fab71a63001172902e"),
  "assignment": ObjectId("5a3a21b00b8d050012569897"),
  "students": [
    ObjectId("5a970a6996b455000ffac915")
  ],
  "type": "FILE_UPLOAD",
  "submitter": ObjectId("5a970a6996b455000ffac915"),
  "file_url": "https://peergrade.s3-eu-west-1.amazonaws.com/564233868716965.ipynb",
  "mime_type": "",
  "is_problematic": false,
  "should_give_feedback": true,
  "deleted_at": new Date(1522873718483)
},
{
  "_id": ObjectId("5ac4f1f923e7fa000f4d47e9"),
  "assignment": ObjectId("5a3a21b00b8d050012569897"),
  "students": [
    ObjectId("5a947fd38bf2e50012c6b516"),
    ObjectId("5a971172fbeb7f001017bdb0")
  ],
  "type": "FILE_UPLOAD",
  "submitter": ObjectId("5a971172fbeb7f001017bdb0"),
  "file_url": "https://peergrade.s3-eu-west-1.amazonaws.com/508279369450334.ipynb",
  "mime_type": "",
  "is_problematic": false,
  "should_give_feedback": true
},
{
  "_id": ObjectId("5ac516de27633c0010e70e1f"),
  "assignment": ObjectId("5a3a21b00b8d050012569897"),
  "students": [
    ObjectId("5a8ec28f0e7c2a000fe80992"),
    ObjectId("5a96f40b0cdd8c000fd85969"),
    ObjectId("5a96f6dcfbeb7f001017ba31")
  ],
  "type": "FILE_UPLOAD",
  "submitter": ObjectId("5a96f40b0cdd8c000fd85969"),
  "file_url": "https://peergrade.s3-eu-west-1.amazonaws.com/844058521980693.ipynb",
  "mime_type": "",
  "is_problematic": false,
  "should_give_feedback": true,
  "deleted_at": new Date(1522876575630)
},
{
  "_id": ObjectId("5ac51d2879702400111e9eea"),
  "assignment": ObjectId("5a3a21b00b8d050012569897"),
  "students": [
    ObjectId("5a952a05cb184b0010e396cf"),
    ObjectId("5a96b116ece60c000fb34ee5"),
    ObjectId("5a96b13f0cdd8c000fd8505b")
  ],
  "type": "FILE_UPLOAD",
  "submitter": ObjectId("5a96b116ece60c000fb34ee5"),
  "file_url": "https://peergrade.s3-eu-west-1.amazonaws.com/308857963507511.ipynb",
  "mime_type": "",
  "is_problematic": false,
  "should_give_feedback": true
},
{
  "_id": ObjectId("5ac528b20f32790012858c20"),
  "assignment": ObjectId("5a3a21b00b8d050012569897"),
  "students": [
    ObjectId("5a971999e26395006ebf8bde")
  ],
  "type": "FILE_UPLOAD",
  "submitter": ObjectId("5a971999e26395006ebf8bde"),
  "file_url": "https://peergrade.s3-eu-west-1.amazonaws.com/842933300512544.ipynb",
  "mime_type": "",
  "is_problematic": false,
  "should_give_feedback": true
},
{
  "_id": ObjectId("5ac53060826376001175aa83"),
  "assignment": ObjectId("5a3a21b00b8d050012569897"),
  "students": [
    ObjectId("5a969ac21b83a20010b485c9"),
    ObjectId("5a96d2420cdd8c0012d652ef"),
    ObjectId("5a96d2eb0cdd8c000fd85484")
  ],
  "type": "FILE_UPLOAD",
  "submitter": ObjectId("5a96d2420cdd8c0012d652ef"),
  "file_url": "https://peergrade.s3-eu-west-1.amazonaws.com/327453785845806.ipynb",
  "mime_type": "",
  "is_problematic": false,
  "should_give_feedback": true
},
{
  "_id": ObjectId("5ac53576826376000f976f6e"),
  "assignment": ObjectId("5a3a21b00b8d050012569897"),
  "students": [
    ObjectId("5a970a6996b455000ffac915"),
    ObjectId("5a970a8396b45500104b1419")
  ],
  "type": "FILE_UPLOAD",
  "submitter": ObjectId("5a970a6996b455000ffac915"),
  "file_url": "https://peergrade.s3-eu-west-1.amazonaws.com/564233868716965.ipynb",
  "mime_type": "",
  "is_problematic": false,
  "should_give_feedback": true
},
{
  "_id": ObjectId("5ac537c48263760010e07893"),
  "assignment": ObjectId("5a3a21b00b8d050012569897"),
  "students": [
    ObjectId("5a902285c13a6c0011644389"),
    ObjectId("5a96e13cfbeb7f0011e7318d"),
    ObjectId("5a971302fbeb7f001017be06")
  ],
  "type": "FILE_UPLOAD",
  "submitter": ObjectId("5a971302fbeb7f001017be06"),
  "file_url": "https://peergrade.s3-eu-west-1.amazonaws.com/763531503919787.ipynb",
  "mime_type": "",
  "is_problematic": false,
  "should_give_feedback": true
},
{
  "_id": ObjectId("5ac53f3023e7fa000f4d4b8c"),
  "assignment": ObjectId("5a3a21b00b8d050012569897"),
  "students": [
    ObjectId("5a97235a96b455000ffacd04")
  ],
  "type": "FILE_UPLOAD",
  "submitter": ObjectId("5a97235a96b455000ffacd04"),
  "file_url": "https://peergrade.s3-eu-west-1.amazonaws.com/196736870040153.ipynb",
  "mime_type": "",
  "is_problematic": false,
  "should_give_feedback": true
},
{
  "_id": ObjectId("5ac5409feff46b0011c59326"),
  "assignment": ObjectId("5a3a21b00b8d050012569897"),
  "students": [
    ObjectId("5a8ec28f0e7c2a000fe80992"),
    ObjectId("5a96f40b0cdd8c000fd85969"),
    ObjectId("5a96f6dcfbeb7f001017ba31")
  ],
  "type": "FILE_UPLOAD",
  "submitter": ObjectId("5a8ec28f0e7c2a000fe80992"),
  "file_url": "https://peergrade.s3-eu-west-1.amazonaws.com/198093199310544.ipynb",
  "mime_type": "",
  "is_problematic": false,
  "should_give_feedback": true
},
{
  "_id": ObjectId("5ac54252fed691001057d78a"),
  "assignment": ObjectId("5a3a21b00b8d050012569897"),
  "students": [
    ObjectId("5a97248d91362e005cac1151"),
    ObjectId("5a9724a70cdd8c0059e56a3e")
  ],
  "type": "FILE_UPLOAD",
  "submitter": ObjectId("5a97248d91362e005cac1151"),
  "file_url": "https://peergrade.s3-eu-west-1.amazonaws.com/206402245028357.ipynb",
  "mime_type": "",
  "is_problematic": true,
  "should_give_feedback": true
},
{
  "_id": ObjectId("5ac542b635b63e000fd4ea56"),
  "assignment": ObjectId("5a3a21b00b8d050012569897"),
  "students": [
    ObjectId("5a952f471947d4001140a578"),
    ObjectId("5a97bc59fbeb7f007db46d3d")
  ],
  "type": "FILE_UPLOAD",
  "submitter": ObjectId("5a952f471947d4001140a578"),
  "file_url": "https://peergrade.s3-eu-west-1.amazonaws.com/518615439533441.ipynb",
  "mime_type": "",
  "is_problematic": false,
  "should_give_feedback": true
},
{
  "_id": ObjectId("5ac549ef904fd20010474043"),
  "assignment": ObjectId("5a3a21b00b8d050012569897"),
  "students": [
    ObjectId("5a96d308ece60c000fb354c5")
  ],
  "type": "FILE_UPLOAD",
  "submitter": ObjectId("5a96d308ece60c000fb354c5"),
  "file_url": "https://peergrade.s3-eu-west-1.amazonaws.com/679643010714832.ipynb",
  "mime_type": "",
  "is_problematic": true,
  "should_give_feedback": true
},
{
  "_id": ObjectId("5ac54a14826376001175aaff"),
  "assignment": ObjectId("5a3a21b00b8d050012569897"),
  "students": [
    ObjectId("5a9732d3e26395005bc29d34")
  ],
  "type": "FILE_UPLOAD",
  "submitter": ObjectId("5a9732d3e26395005bc29d34"),
  "file_url": "https://peergrade.s3-eu-west-1.amazonaws.com/66191663066544.ipynb",
  "mime_type": "",
  "is_problematic": false,
  "should_give_feedback": true
},
{
  "_id": ObjectId("5ac54a7f23e7fa000f4d4bb1"),
  "assignment": ObjectId("5a3a21b00b8d050012569897"),
  "students": [
    ObjectId("5a96f3450cdd8c0011d8e30e"),
    ObjectId("5a96f345fbeb7f001256ad62"),
    ObjectId("5a96f34d96b455000ffac55c")
  ],
  "type": "FILE_UPLOAD",
  "submitter": ObjectId("5a96f3450cdd8c0011d8e30e"),
  "file_url": "https://peergrade.s3-eu-west-1.amazonaws.com/299152616855498.ipynb",
  "mime_type": "",
  "is_problematic": false,
  "should_give_feedback": true
}
]
