[{"submitter": "5a96ce6cefb5dc000fa50977", "should_give_feedback": true, "deleted_at": 1519833889.617, "students": ["5a96ce6cefb5dc000fa50977"], "assignment": "5a3a21af0b8d050012569879", "_id": "5a96d21a91362e0011ef4b49", "type": "FILE_UPLOAD", "file_url": "https://peergrade.s3-eu-west-1.amazonaws.com/676238353439760.ipynb", "mime_type": "", "is_problematic": false}, {"submitter": "5a96ce6cefb5dc000fa50977", "should_give_feedback": true, "deleted_at": 1519837313.551, "students": ["5a96ce6cefb5dc000fa50977", "5a96d308ece60c000fb354c5"], "assignment": "5a3a21af0b8d050012569879", "_id": "5a96d321e2639500124d748f", "type": "FILE_UPLOAD", "file_url": "https://peergrade.s3-eu-west-1.amazonaws.com/676238353439760.ipynb", "mime_type": "", "is_problematic": false}, {"submitter": "5a96d2eb0cdd8c000fd85484", "should_give_feedback": true, "students": ["5a969ac21b83a20010b485c9", "5a96d2420cdd8c0012d652ef", "5a96d2eb0cdd8c000fd85484"], "assignment": "5a3a21af0b8d050012569879", "_id": "5a96d34b96b455000ffabffa", "type": "FILE_UPLOAD", "file_url": "https://peergrade.s3-eu-west-1.amazonaws.com/138567222981721.ipynb", "mime_type": "", "is_problematic": false}, {"submitter": "5a96ce6cefb5dc000fa50977", "should_give_feedback": true, "deleted_at": 1519849799.946, "students": ["5a96ce6cefb5dc000fa50977", "5a96d308ece60c000fb354c5"], "assignment": "5a3a21af0b8d050012569879", "_id": "5a96e081ece60c0010b97289", "type": "FILE_UPLOAD", "file_url": "https://peergrade.s3-eu-west-1.amazonaws.com/324497917546219.ipynb", "mime_type": "", "is_problematic": false}, {"submitter": "5a96f345fbeb7f001256ad62", "should_give_feedback": true, "students": ["5a96f3450cdd8c0011d8e30e", "5a96f345fbeb7f001256ad62", "5a96f34d96b455000ffac55c"], "assignment": "5a3a21af0b8d050012569879", "_id": "5a96f3bffbeb7f006ad56a41", "type": "FILE_UPLOAD", "file_url": "https://peergrade.s3-eu-west-1.amazonaws.com/332716886830935.ipynb", "mime_type": "", "is_problematic": false}, {"submitter": "5a96f6dcfbeb7f001017ba31", "should_give_feedback": true, "students": ["5a96f40b0cdd8c000fd85969", "5a96f6dcfbeb7f001017ba31"], "assignment": "5a3a21af0b8d050012569879", "_id": "5a9704a29e72380012c1b911", "type": "FILE_UPLOAD", "file_url": "https://peergrade.s3-eu-west-1.amazonaws.com/987189380141254.ipynb", "mime_type": "", "is_problematic": false}, {"submitter": "5a970a6996b455000ffac915", "should_give_feedback": true, "students": ["5a970a6996b455000ffac915", "5a970a8396b45500104b1419"], "assignment": "5a3a21af0b8d050012569879", "_id": "5a970a9ae2639500124d7e7e", "type": "FILE_UPLOAD", "file_url": "https://peergrade.s3-eu-west-1.amazonaws.com/24014260655729.ipynb", "mime_type": "", "is_problematic": false}, {"submitter": "5a96ce6cefb5dc000fa50977", "should_give_feedback": true, "students": ["5a96ce6cefb5dc000fa50977", "5a96d308ece60c000fb354c5"], "assignment": "5a3a21af0b8d050012569879", "_id": "5a97114791362e00124d9c89", "type": "FILE_UPLOAD", "file_url": "https://peergrade.s3-eu-west-1.amazonaws.com/47193237681300.ipynb", "mime_type": "", "is_problematic": false}, {"submitter": "5a971172fbeb7f001017bdb0", "should_give_feedback": true, "deleted_at": 1519852140.9720001, "students": ["5a971172fbeb7f001017bdb0"], "assignment": "5a3a21af0b8d050012569879", "_id": "5a9711af0cdd8c001026a176", "type": "FILE_UPLOAD", "file_url": "https://peergrade.s3-eu-west-1.amazonaws.com/11175277363089.ipynb", "mime_type": "", "is_problematic": false}, {"submitter": "5a971302fbeb7f001017be06", "should_give_feedback": true, "students": ["5a902285c13a6c0011644389", "5a96e13cfbeb7f0011e7318d", "5a971302fbeb7f001017be06"], "assignment": "5a3a21af0b8d050012569879", "_id": "5a97179091362e00124d9da1", "type": "FILE_UPLOAD", "file_url": "https://peergrade.s3-eu-west-1.amazonaws.com/470298676587051.ipynb", "mime_type": "", "is_problematic": false}, {"submitter": "5a96b116ece60c000fb34ee5", "should_give_feedback": true, "students": ["5a952a05cb184b0010e396cf", "5a96b116ece60c000fb34ee5", "5a96b13f0cdd8c000fd8505b"], "assignment": "5a3a21af0b8d050012569879", "_id": "5a9718fe0cdd8c001026a279", "type": "FILE_UPLOAD", "file_url": "https://peergrade.s3-eu-west-1.amazonaws.com/488001056728634.ipynb", "mime_type": "", "is_problematic": false}, {"submitter": "5a971172fbeb7f001017bdb0", "should_give_feedback": true, "deleted_at": 1519852202.734, "students": ["5a971172fbeb7f001017bdb0"], "assignment": "5a3a21af0b8d050012569879", "_id": "5a971a6c96b455001230985e", "type": "FILE_UPLOAD", "file_url": "https://peergrade.s3-eu-west-1.amazonaws.com/539406373942640.ipynb", "mime_type": "", "is_problematic": false}, {"submitter": "5a971172fbeb7f001017bdb0", "should_give_feedback": true, "deleted_at": 1519852393.3370001, "students": ["5a971172fbeb7f001017bdb0"], "assignment": "5a3a21af0b8d050012569879", "_id": "5a971abd96b455005af34ca4", "type": "FILE_UPLOAD", "file_url": "https://peergrade.s3-eu-west-1.amazonaws.com/257413698999855.ipynb", "mime_type": "", "is_problematic": false}, {"submitter": "5a971999e26395006ebf8bde", "should_give_feedback": true, "students": ["5a971999e26395006ebf8bde"], "assignment": "5a3a21af0b8d050012569879", "_id": "5a971b1296b4550012309885", "type": "FILE_UPLOAD", "file_url": "https://peergrade.s3-eu-west-1.amazonaws.com/186362901571882.ipynb", "mime_type": "", "is_problematic": false}, {"submitter": "5a971172fbeb7f001017bdb0", "should_give_feedback": true, "students": ["5a971172fbeb7f001017bdb0"], "assignment": "5a3a21af0b8d050012569879", "_id": "5a971b6991362e005cac1057", "type": "FILE_UPLOAD", "file_url": "https://peergrade.s3-eu-west-1.amazonaws.com/926684944868477.ipynb", "mime_type": "", "is_problematic": false}, {"submitter": "5a947fd38bf2e50012c6b516", "should_give_feedback": true, "students": ["5a947fd38bf2e50012c6b516"], "assignment": "5a3a21af0b8d050012569879", "_id": "5a9721bcfbeb7f001017c05a", "type": "FILE_UPLOAD", "file_url": "https://peergrade.s3-eu-west-1.amazonaws.com/970446337104125.ipynb", "mime_type": "", "is_problematic": true}, {"submitter": "5a9724a70cdd8c0059e56a3e", "should_give_feedback": true, "students": ["5a97248d91362e005cac1151", "5a9724a70cdd8c0059e56a3e"], "assignment": "5a3a21af0b8d050012569879", "_id": "5a972511ece60c001286df5d", "type": "FILE_UPLOAD", "file_url": "https://peergrade.s3-eu-west-1.amazonaws.com/27470566305499.ipynb", "mime_type": "", "is_problematic": true}, {"submitter": "5a97235a96b455000ffacd04", "should_give_feedback": true, "students": ["5a97235a96b455000ffacd04"], "assignment": "5a3a21af0b8d050012569879", "_id": "5a9726c8fbeb7f0058760870", "type": "FILE_UPLOAD", "file_url": "https://peergrade.s3-eu-west-1.amazonaws.com/255290232249538.ipynb", "mime_type": "", "is_problematic": false}, {"submitter": "5a952f471947d4001140a578", "should_give_feedback": true, "students": ["5a952f471947d4001140a578"], "assignment": "5a3a21af0b8d050012569879", "_id": "5a973046ece60c006bb1c79f", "type": "FILE_UPLOAD", "file_url": "https://peergrade.s3-eu-west-1.amazonaws.com/864792978236308.ipynb", "mime_type": "", "is_problematic": false}, {"submitter": "5a9732d3e26395005bc29d34", "should_give_feedback": true, "students": ["5a9732d3e26395005bc29d34"], "assignment": "5a3a21af0b8d050012569879", "_id": "5a9732f096b455000fface38", "type": "FILE_UPLOAD", "file_url": "https://peergrade.s3-eu-west-1.amazonaws.com/4948851335083.ipynb", "mime_type": "", "is_problematic": false}, {"submitter": "5a8ec28f0e7c2a000fe80992", "should_give_feedback": true, "deleted_at": 1519916932.773, "students": ["5a8ec28f0e7c2a000fe80992"], "assignment": "5a3a21af0b8d050012569879", "_id": "5a981549dd08f40012b02009", "type": "FILE_UPLOAD", "file_url": "https://peergrade.s3-eu-west-1.amazonaws.com/905096814233795.ipynb", "mime_type": "", "is_problematic": false}, {"submitter": "5a8ec28f0e7c2a000fe80992", "should_give_feedback": true, "students": ["5a8ec28f0e7c2a000fe80992"], "assignment": "5a3a21af0b8d050012569879", "_id": "5a9817843398400010a68d49", "type": "FILE_UPLOAD", "file_url": "https://peergrade.s3-eu-west-1.amazonaws.com/841739011560787.ipynb", "mime_type": "", "is_problematic": false}, {"submitter": "5a96ce6cefb5dc000fa50977", "should_give_feedback": true, "deleted_at": 1522709981.89, "students": ["5a96ce6cefb5dc000fa50977"], "assignment": "5a3a21b00b8d050012569897", "_id": "5ac2aa726d341c00103fa72e", "type": "FILE_UPLOAD", "file_url": "https://peergrade.s3-eu-west-1.amazonaws.com/805223393381876.ipynb", "mime_type": "", "is_problematic": false}, {"submitter": "5a96ce6cefb5dc000fa50977", "should_give_feedback": true, "deleted_at": 1522710003.305, "students": ["5a96ce6cefb5dc000fa50977"], "assignment": "5a3a21b00b8d050012569897", "_id": "5ac2b5dd4a352f00104a2cbb", "type": "FILE_UPLOAD", "file_url": "https://peergrade.s3-eu-west-1.amazonaws.com/805223393381876.ipynb", "mime_type": "", "is_problematic": false}, {"submitter": "5a96ce6cefb5dc000fa50977", "should_give_feedback": true, "students": ["5a96ce6cefb5dc000fa50977"], "assignment": "5a3a21b00b8d050012569897", "_id": "5ac2b5f34a352f0058d71bae", "type": "FILE_UPLOAD", "file_url": "https://peergrade.s3-eu-west-1.amazonaws.com/488054226093001.ipynb", "mime_type": "", "is_problematic": false}, {"submitter": "5a970a6996b455000ffac915", "should_give_feedback": true, "deleted_at": 1522873718.483, "students": ["5a970a6996b455000ffac915"], "assignment": "5a3a21b00b8d050012569897", "_id": "5ac486fab71a63001172902e", "type": "FILE_UPLOAD", "file_url": "https://peergrade.s3-eu-west-1.amazonaws.com/564233868716965.ipynb", "mime_type": "", "is_problematic": false}, {"submitter": "5a971172fbeb7f001017bdb0", "should_give_feedback": true, "students": ["5a947fd38bf2e50012c6b516", "5a971172fbeb7f001017bdb0"], "assignment": "5a3a21b00b8d050012569897", "_id": "5ac4f1f923e7fa000f4d47e9", "type": "FILE_UPLOAD", "file_url": "https://peergrade.s3-eu-west-1.amazonaws.com/508279369450334.ipynb", "mime_type": "", "is_problematic": false}, {"submitter": "5a96f40b0cdd8c000fd85969", "should_give_feedback": true, "deleted_at": 1522876575.63, "students": ["5a8ec28f0e7c2a000fe80992", "5a96f40b0cdd8c000fd85969", "5a96f6dcfbeb7f001017ba31"], "assignment": "5a3a21b00b8d050012569897", "_id": "5ac516de27633c0010e70e1f", "type": "FILE_UPLOAD", "file_url": "https://peergrade.s3-eu-west-1.amazonaws.com/844058521980693.ipynb", "mime_type": "", "is_problematic": false}, {"submitter": "5a96b116ece60c000fb34ee5", "should_give_feedback": true, "students": ["5a952a05cb184b0010e396cf", "5a96b116ece60c000fb34ee5", "5a96b13f0cdd8c000fd8505b"], "assignment": "5a3a21b00b8d050012569897", "_id": "5ac51d2879702400111e9eea", "type": "FILE_UPLOAD", "file_url": "https://peergrade.s3-eu-west-1.amazonaws.com/308857963507511.ipynb", "mime_type": "", "is_problematic": false}, {"submitter": "5a971999e26395006ebf8bde", "should_give_feedback": true, "students": ["5a971999e26395006ebf8bde"], "assignment": "5a3a21b00b8d050012569897", "_id": "5ac528b20f32790012858c20", "type": "FILE_UPLOAD", "file_url": "https://peergrade.s3-eu-west-1.amazonaws.com/842933300512544.ipynb", "mime_type": "", "is_problematic": false}, {"submitter": "5a96d2420cdd8c0012d652ef", "should_give_feedback": true, "students": ["5a969ac21b83a20010b485c9", "5a96d2420cdd8c0012d652ef", "5a96d2eb0cdd8c000fd85484"], "assignment": "5a3a21b00b8d050012569897", "_id": "5ac53060826376001175aa83", "type": "FILE_UPLOAD", "file_url": "https://peergrade.s3-eu-west-1.amazonaws.com/327453785845806.ipynb", "mime_type": "", "is_problematic": false}, {"submitter": "5a970a6996b455000ffac915", "should_give_feedback": true, "students": ["5a970a6996b455000ffac915", "5a970a8396b45500104b1419"], "assignment": "5a3a21b00b8d050012569897", "_id": "5ac53576826376000f976f6e", "type": "FILE_UPLOAD", "file_url": "https://peergrade.s3-eu-west-1.amazonaws.com/564233868716965.ipynb", "mime_type": "", "is_problematic": false}, {"submitter": "5a971302fbeb7f001017be06", "should_give_feedback": true, "students": ["5a902285c13a6c0011644389", "5a96e13cfbeb7f0011e7318d", "5a971302fbeb7f001017be06"], "assignment": "5a3a21b00b8d050012569897", "_id": "5ac537c48263760010e07893", "type": "FILE_UPLOAD", "file_url": "https://peergrade.s3-eu-west-1.amazonaws.com/763531503919787.ipynb", "mime_type": "", "is_problematic": false}, {"submitter": "5a97235a96b455000ffacd04", "should_give_feedback": true, "students": ["5a97235a96b455000ffacd04"], "assignment": "5a3a21b00b8d050012569897", "_id": "5ac53f3023e7fa000f4d4b8c", "type": "FILE_UPLOAD", "file_url": "https://peergrade.s3-eu-west-1.amazonaws.com/196736870040153.ipynb", "mime_type": "", "is_problematic": false}, {"submitter": "5a8ec28f0e7c2a000fe80992", "should_give_feedback": true, "students": ["5a8ec28f0e7c2a000fe80992", "5a96f40b0cdd8c000fd85969", "5a96f6dcfbeb7f001017ba31"], "assignment": "5a3a21b00b8d050012569897", "_id": "5ac5409feff46b0011c59326", "type": "FILE_UPLOAD", "file_url": "https://peergrade.s3-eu-west-1.amazonaws.com/198093199310544.ipynb", "mime_type": "", "is_problematic": false}, {"submitter": "5a97248d91362e005cac1151", "should_give_feedback": true, "students": ["5a97248d91362e005cac1151", "5a9724a70cdd8c0059e56a3e"], "assignment": "5a3a21b00b8d050012569897", "_id": "5ac54252fed691001057d78a", "type": "FILE_UPLOAD", "file_url": "https://peergrade.s3-eu-west-1.amazonaws.com/206402245028357.ipynb", "mime_type": "", "is_problematic": true}, {"submitter": "5a952f471947d4001140a578", "should_give_feedback": true, "students": ["5a952f471947d4001140a578", "5a97bc59fbeb7f007db46d3d"], "assignment": "5a3a21b00b8d050012569897", "_id": "5ac542b635b63e000fd4ea56", "type": "FILE_UPLOAD", "file_url": "https://peergrade.s3-eu-west-1.amazonaws.com/518615439533441.ipynb", "mime_type": "", "is_problematic": false}, {"submitter": "5a96d308ece60c000fb354c5", "should_give_feedback": true, "students": ["5a96d308ece60c000fb354c5"], "assignment": "5a3a21b00b8d050012569897", "_id": "5ac549ef904fd20010474043", "type": "FILE_UPLOAD", "file_url": "https://peergrade.s3-eu-west-1.amazonaws.com/679643010714832.ipynb", "mime_type": "", "is_problematic": true}, {"submitter": "5a9732d3e26395005bc29d34", "should_give_feedback": true, "students": ["5a9732d3e26395005bc29d34"], "assignment": "5a3a21b00b8d050012569897", "_id": "5ac54a14826376001175aaff", "type": "FILE_UPLOAD", "file_url": "https://peergrade.s3-eu-west-1.amazonaws.com/66191663066544.ipynb", "mime_type": "", "is_problematic": false}, {"submitter": "5a96f3450cdd8c0011d8e30e", "should_give_feedback": true, "students": ["5a96f3450cdd8c0011d8e30e", "5a96f345fbeb7f001256ad62", "5a96f34d96b455000ffac55c"], "assignment": "5a3a21b00b8d050012569897", "_id": "5ac54a7f23e7fa000f4d4bb1", "type": "FILE_UPLOAD", "file_url": "https://peergrade.s3-eu-west-1.amazonaws.com/299152616855498.ipynb", "mime_type": "", "is_problematic": false}]