[
{
  "_id": ObjectId("5a3a21af0b8d050012569861"),
  "html_text": "<p><strong>1:</strong> Do the authors arrive at approx. 978 heroes and 1302 villains? The numbers may vary by ±20 due to text formatting.</p>",
  "question_type": "boolean",
  "is_optional": false,
  "is_comment_mandatory": false,
  "positiveAnswerText": "Yes",
  "negativeAnswerText": "No",
  "numericalAnswers": {
    "1": "Below expectations",
    "0": "No answer",
    "3": "Above expectations",
    "2": "Meets expectations"
  },
  "weight": 1.0,
  "min_num_words": 1
},
{
  "_id": ObjectId("5a3a21af0b8d050012569862"),
  "html_text": "<p><strong>2:</strong> Do the authors arrive at approx. 173 ambiguous characters, and a Jaccard similarity at ~0.082?</p>",
  "question_type": "numerical",
  "is_optional": false,
  "is_comment_mandatory": false,
  "positiveAnswerText": "Yes",
  "negativeAnswerText": "No",
  "numericalAnswers": {
    "1": "Only one result is correct",
    "0": "No",
    "2": "Yes"
  },
  "weight": 1.0,
  "min_num_words": 1
},
{
  "_id": ObjectId("5a3a21af0b8d050012569868"),
  "html_text": "<p><strong>a:</strong> Does the solution roughly look like this: https://goo.gl/Fxdnw9? The ordering can differ ever-so slightly, but it should look fairly similar.</p>",
  "question_type": "boolean",
  "is_optional": false,
  "is_comment_mandatory": true,
  "positiveAnswerText": "Yes",
  "negativeAnswerText": "No",
  "numericalAnswers": {
    "1": "Somewhat, but something minor is wrong",
    "0": "No, something is clearly wrong",
    "2": "Yes, the trends look the same"
  },
  "weight": 1.0,
  "min_num_words": 1
},
{
  "_id": ObjectId("5a3a21af0b8d05001256986e"),
  "html_text": "<p><strong>a:</strong> Does the solution roughly look like this: https://goo.gl/x7A72W?</p>",
  "question_type": "numerical",
  "is_optional": false,
  "is_comment_mandatory": false,
  "positiveAnswerText": "Yes, it looks similar",
  "negativeAnswerText": "No, not at all",
  "numericalAnswers": {
    "1": "Somewhat, but something minor is wrong",
    "0": "No, not at all",
    "2": "Yes, it looks similar"
  },
  "weight": 1.0,
  "min_num_words": 1
},
{
  "_id": ObjectId("5a3a21af0b8d05001256986f"),
  "html_text": "<p><strong>b:</strong> Does the comment make sense? The authors may for example have noticed that during the years of The Cold War (1947 – 1991) the majority of new characters were villains, whereas as of late, most new characters are heroes.</p>",
  "question_type": "numerical",
  "is_optional": false,
  "is_comment_mandatory": false,
  "positiveAnswerText": "Yes",
  "negativeAnswerText": "No",
  "numericalAnswers": {
    "1": "There is a comment",
    "0": "There is no comment",
    "2": "There is a comment, and it reflects what the authors learn from their visualization"
  },
  "weight": 1.0,
  "min_num_words": 1
},
{
  "_id": ObjectId("5a3a21af0b8d050012569875"),
  "html_text": "<p>Is the handin anonymous? If you can find a person's name in the code, it isn't.</p>",
  "question_type": "boolean",
  "is_optional": false,
  "is_comment_mandatory": false,
  "positiveAnswerText": "Yes",
  "negativeAnswerText": "No",
  "numericalAnswers": {
    "1": "Below expectations",
    "0": "No answer",
    "3": "Above expectations",
    "2": "Meets expectations"
  },
  "weight": 1.0,
  "min_num_words": 1
},
{
  "_id": ObjectId("5a3a21af0b8d050012569876"),
  "html_text": "<p>Mention one or more things that was good about this handin.</p>",
  "question_type": "text",
  "is_optional": false,
  "is_comment_mandatory": false,
  "positiveAnswerText": "Yes",
  "negativeAnswerText": "No",
  "numericalAnswers": {
    "1": "Below expectations",
    "0": "No answer",
    "3": "Above expectations",
    "2": "Meets expectations"
  },
  "weight": 1.0,
  "min_num_words": 1
},
{
  "_id": ObjectId("5a3a21af0b8d050012569877"),
  "html_text": "<p>Mention one or more things that could have been better.</p>",
  "question_type": "text",
  "is_optional": false,
  "is_comment_mandatory": false,
  "positiveAnswerText": "Yes",
  "negativeAnswerText": "No",
  "numericalAnswers": {
    "1": "Below expectations",
    "0": "No answer",
    "3": "Above expectations",
    "2": "Meets expectations"
  },
  "weight": 1.0,
  "min_num_words": 1
},
{
  "_id": ObjectId("5a3a21b00b8d05001256988c"),
  "html_text": "<p>Did the authors compute sentiment scores somewhere in their code?</p>",
  "question_type": "boolean",
  "is_optional": false,
  "is_comment_mandatory": false,
  "positiveAnswerText": "Yes",
  "negativeAnswerText": "No",
  "numericalAnswers": {
    "1": "Below expectations",
    "0": "No answer",
    "3": "Above expectations",
    "2": "Meets expectations"
  },
  "weight": 1.0,
  "min_num_words": 1
},
{
  "_id": ObjectId("5a3a21b00b8d05001256988d"),
  "html_text": "<p>Did the authors compute the average sentiment, and not the summed sentiment for each character?</p>",
  "question_type": "boolean",
  "is_optional": false,
  "is_comment_mandatory": false,
  "positiveAnswerText": "Yes",
  "negativeAnswerText": "No",
  "numericalAnswers": {
    "1": "Below expectations",
    "0": "No answer",
    "3": "Above expectations",
    "2": "Meets expectations"
  },
  "weight": 1.0,
  "min_num_words": 1
},
{
  "_id": ObjectId("5a3a21b00b8d05001256988e"),
  "html_text": "<p>The resulting histogram should look something like this: https://goo.gl/bYC7TV. It should be clear that there is a small positive bias towards heroes.</p>",
  "question_type": "numerical",
  "is_optional": false,
  "is_comment_mandatory": false,
  "positiveAnswerText": "Yes",
  "negativeAnswerText": "No",
  "numericalAnswers": {
    "1": "The authors produce histograms, but they don't resemble the correct result",
    "0": "The authors produce no histograms",
    "2": "The authors produce histograms and they look pretty much correct"
  },
  "weight": 1.0,
  "min_num_words": 1
},
{
  "_id": ObjectId("5a3a21b00b8d050012569890"),
  "html_text": "<p>Does the code look right? Mine is https://goo.gl/UC5EyF. Obviously it doesn't have to be entirely the same as mine.</p>",
  "question_type": "numerical",
  "is_optional": false,
  "is_comment_mandatory": false,
  "positiveAnswerText": "Yes",
  "negativeAnswerText": "No",
  "numericalAnswers": {
    "1": "Looks like something is wrong (comment on what if you can)",
    "0": "There is no code",
    "2": "The code looks just fine!"
  },
  "weight": 1.0,
  "min_num_words": 1
},
{
  "_id": ObjectId("5a3a21b00b8d050012569891"),
  "html_text": "<p>Is the result correct? From the inserted output you should be able to see that there are 88 characters, 21 words and 4 lines.</p>",
  "question_type": "numerical",
  "is_optional": false,
  "is_comment_mandatory": false,
  "positiveAnswerText": "Yes",
  "negativeAnswerText": "No",
  "numericalAnswers": {
    "1": "There is output, but it is wrong",
    "0": "No output is inserted",
    "2": "The result is correct"
  },
  "weight": 1.0,
  "min_num_words": 1
},
{
  "_id": ObjectId("5a3a21b00b8d050012569893"),
  "html_text": "<p>Does the code look right? Mine is https://goo.gl/4xsJpP. Obviously it doesn't have to be entirely the same as mine.</p>",
  "question_type": "numerical",
  "is_optional": false,
  "is_comment_mandatory": false,
  "positiveAnswerText": "Yes",
  "negativeAnswerText": "No",
  "numericalAnswers": {
    "1": "Looks like something is wrong (comment on what if you can)",
    "0": "There is no code",
    "2": "The code looks just fine!"
  },
  "weight": 1.0,
  "min_num_words": 1
},
{
  "_id": ObjectId("5a3a21b00b8d050012569894"),
  "html_text": "<p><strong>8.2.4.1: </strong>The number of triangles in the Facebook data should be 1612010. Is this the number that the authors report?</p>",
  "question_type": "numerical",
  "is_optional": false,
  "is_comment_mandatory": false,
  "positiveAnswerText": "Yes",
  "negativeAnswerText": "No",
  "numericalAnswers": {
    "1": "No, but they report a number which is exactly three times as large",
    "0": "No",
    "2": "Yes, the number is correct."
  },
  "weight": 1.0,
  "min_num_words": 1
},
{
  "_id": ObjectId("5a3a21b00b8d050012569895"),
  "html_text": "<p><strong>8.2.4.1: </strong>The number of triangles in the road net data should be 120676. Is this the number that the authors report?</p>",
  "question_type": "numerical",
  "is_optional": false,
  "is_comment_mandatory": false,
  "positiveAnswerText": "Yes",
  "negativeAnswerText": "No",
  "numericalAnswers": {
    "1": "No, but they report a number which is exactly three times as large",
    "0": "No",
    "2": "Yes, the number is correct."
  },
  "weight": 1.0,
  "min_num_words": 1
},
{
  "_id": ObjectId("5a94892a0cf53900108c8335"),
  "html_text": "<p><strong>1a<span class=\"ql-cursor\">﻿</span>:</strong> Do the authors download the data using the requests.get method?</p>",
  "question_type": "boolean",
  "is_optional": false,
  "is_comment_mandatory": false,
  "positiveAnswerText": "Yes",
  "negativeAnswerText": "No",
  "numericalAnswers": {
    "1": "Below expectations",
    "0": "No answer",
    "3": "Above expectations",
    "2": "Meets expectations"
  },
  "weight": 1.0,
  "min_num_words": 1
},
{
  "_id": ObjectId("5a94892a0cf53900108c8336"),
  "html_text": "<p><strong>1b:</strong> Is the resulting data object a dictionary? If they called .json() on the response object returned by requests.get, it will be. If they printed the type and it says \"dict\" that is also proof.</p>",
  "question_type": "boolean",
  "is_optional": false,
  "is_comment_mandatory": false,
  "positiveAnswerText": "Yes",
  "negativeAnswerText": "No",
  "numericalAnswers": {
    "1": "Below expectations",
    "0": "No answer",
    "3": "Above expectations",
    "2": "Meets expectations"
  },
  "weight": 1.0,
  "min_num_words": 1
},
{
  "_id": ObjectId("5a94892a0cf53900108c8338"),
  "html_text": "<p><strong>1:</strong> Do the authors print the number of spoilers (it fluctuates)?</p>",
  "question_type": "boolean",
  "is_optional": false,
  "is_comment_mandatory": false,
  "positiveAnswerText": "Yes",
  "negativeAnswerText": "No",
  "numericalAnswers": {
    "1": "Below expectations",
    "0": "No answer",
    "3": "Above expectations",
    "2": "Meets expectations"
  },
  "weight": 1.0,
  "min_num_words": 1
},
{
  "_id": ObjectId("5a94892a0cf53900108c8339"),
  "html_text": "<p><strong>2:</strong> Do some of the titles printed contain a [NO SPOILERS] tag?</p>",
  "question_type": "numerical",
  "is_optional": false,
  "is_comment_mandatory": false,
  "positiveAnswerText": "Yes",
  "negativeAnswerText": "No",
  "numericalAnswers": {
    "1": "Titles are printed, but there are no [NO SPOILERS] tags",
    "0": "No titles are printed",
    "2": "Yes"
  },
  "weight": 1.0,
  "min_num_words": 1
},
{
  "_id": ObjectId("5a94892a0cf53900108c833a"),
  "html_text": "<p>How would you rate the code? What mostly matters is that it is written in a way that makes it readable to you. In general, appropriate comments and reflections count more positively than coding errors. </p>",
  "question_type": "numerical",
  "is_optional": false,
  "is_comment_mandatory": true,
  "positiveAnswerText": "Yes",
  "negativeAnswerText": "No",
  "numericalAnswers": {
    "0": "Poor",
    "1": "Good",
    "2": "Great",
    "3": "Excellent"
  },
  "weight": 1.0,
  "min_num_words": 1
},
{
  "_id": ObjectId("5a9543e83f68ad0010e75cdb"),
  "html_text": "<p><strong>Good to know:</strong></p><p><br></p><ul><li>A section corresponds to a single exercise (e.g. 3.2.1).</li><li>Each section contains multiple rubrics.</li><li>Rubrics that start with a number (e.g. <strong>2:</strong>) refer to a specific sub-exercise (e.g. 3.2.1.<strong>2</strong>). When there are multiple rubrics for one sub-exercise, they are disambiguated with letters (a, b, c, ...).</li><li>You can edit your evaluations until deadline.</li></ul><p><br></p><p><strong>How to:</strong></p><p><br></p><ul><li>Open the assignment.</li><li>Review it by filling out the rubrics, starting from the top.</li><li>Comment abundantly, unless the rubric answer you chose is enough explanation in itself.</li></ul><p><br></p><p><br></p>",
  "question_type": "text-block",
  "is_optional": false,
  "is_comment_mandatory": false,
  "positiveAnswerText": "Yes",
  "negativeAnswerText": "No",
  "numericalAnswers": {
    "0": "No answer",
    "1": "Below expectations",
    "2": "Meets expectations",
    "3": "Above expectations"
  },
  "weight": 0.0,
  "min_num_words": 1
},
{
  "_id": ObjectId("5a9543e83f68ad0010e75cdd"),
  "html_text": "<p><strong>1:</strong> Is the intersecting set {'c', 'e', 'i', 'o', 'r', 's', 't', 'u'}?</p>",
  "question_type": "numerical",
  "is_optional": false,
  "is_comment_mandatory": false,
  "positiveAnswerText": "Yes",
  "negativeAnswerText": "No",
  "numericalAnswers": {
    "0": "No",
    "1": "Yes but they don't print it",
    "2": "Yes and they print it"
  },
  "weight": 1.0,
  "min_num_words": 1
},
{
  "_id": ObjectId("5a9543e83f68ad0010e75cde"),
  "html_text": "<p><strong>2:</strong> Is the union set {'a', 'c', 'd', 'e', 'f', 'h', 'i', 'j', 'l', 'n', 'o', 'r', 's', 't', 'u', 'v', 'y'}?</p>",
  "question_type": "numerical",
  "is_optional": false,
  "is_comment_mandatory": false,
  "positiveAnswerText": "Yes",
  "negativeAnswerText": "No",
  "numericalAnswers": {
    "0": "No",
    "1": "Yes but they don't print it",
    "2": "Yes and they print it"
  },
  "weight": 1.0,
  "min_num_words": 1
},
{
  "_id": ObjectId("5a9543e83f68ad0010e75cdf"),
  "html_text": "<p><strong>3:</strong> Is the Jaccard similarity 0.47?</p>",
  "question_type": "boolean",
  "is_optional": false,
  "is_comment_mandatory": false,
  "positiveAnswerText": "Yes",
  "negativeAnswerText": "No",
  "numericalAnswers": {
    "0": "No answer",
    "1": "Below expectations",
    "2": "Meets expectations",
    "3": "Above expectations"
  },
  "weight": 1.0,
  "min_num_words": 1
},
{
  "_id": ObjectId("5a9543e83f68ad0010e75ce1"),
  "html_text": "<p><strong>1:﻿</strong> Rate the solution. The author should have plotted histograms for the number of comments on posts on the 'news' and 'gameofthrones' subreddits, side-by-side, somewhat resembling the given example (perfect match not required).</p>",
  "question_type": "numerical",
  "is_optional": false,
  "is_comment_mandatory": false,
  "positiveAnswerText": "Yes",
  "negativeAnswerText": "No",
  "numericalAnswers": {
    "0": "There are no plots",
    "1": "There are plots, but they don't satisfy the problem formulation",
    "2": "Both histograms are plotted but they are not plotted side-by-side",
    "3": "Perfect solution"
  },
  "weight": 1.0,
  "min_num_words": 1
},
{
  "_id": ObjectId("5a9543e83f68ad0010e75ce2"),
  "html_text": "<p><strong>2:</strong> Does the comment reflect that the students understand their result? For my example figure, I would observe that commenting is much more unevenly distributed on the 'news' subreddit than on 'gameofthrones'.</p>",
  "question_type": "numerical",
  "is_optional": false,
  "is_comment_mandatory": false,
  "positiveAnswerText": "Yes",
  "negativeAnswerText": "No",
  "numericalAnswers": {
    "0": "There is no comment",
    "1": "There is a comment, but it doesn't connect with the result",
    "2": "The comment explains the results nicely"
  },
  "weight": 1.0,
  "min_num_words": 1
},
{
  "_id": ObjectId("5a9543e83f68ad0010e75ce4"),
  "html_text": "<p><strong>1:</strong> Rate the solution. The result of the dot product should be a vector with 5 elements.</p>",
  "question_type": "numerical",
  "is_optional": false,
  "is_comment_mandatory": false,
  "positiveAnswerText": "Yes",
  "negativeAnswerText": "No",
  "numericalAnswers": {
    "0": "Not solved (or wrong solution)",
    "1": "The students use the 'np.dot' method, but the result is not satisfactory",
    "2": "The solution is correct"
  },
  "weight": 1.0,
  "min_num_words": 1
},
{
  "_id": ObjectId("5a9543e83f68ad0010e75ce5"),
  "html_text": "<p><strong>2:</strong> Rate the answer. The students should either explain or demonstrate that using * rather than 'np.dot' leads to element-wise multiplication.</p>",
  "question_type": "numerical",
  "is_optional": false,
  "is_comment_mandatory": false,
  "positiveAnswerText": "Yes",
  "negativeAnswerText": "No",
  "numericalAnswers": {
    "0": "Not solved",
    "1": "There is an attempt at a solution",
    "2": "Correct solution"
  },
  "weight": 1.0,
  "min_num_words": 1
},
{
  "_id": ObjectId("5a9543e83f68ad0010e75ce7"),
  "html_text": "<p><strong>1:</strong> Is the computed mean 1002.3?</p>",
  "question_type": "boolean",
  "is_optional": false,
  "is_comment_mandatory": false,
  "positiveAnswerText": "Yes",
  "negativeAnswerText": "No",
  "numericalAnswers": {
    "0": "No answer",
    "1": "Below expectations",
    "2": "Meets expectations",
    "3": "Above expectations"
  },
  "weight": 1.0,
  "min_num_words": 1
},
{
  "_id": ObjectId("5a9543e83f68ad0010e75ce8"),
  "html_text": "<p><strong>2a:</strong> Is there an accurate description of what the median is?</p>",
  "question_type": "boolean",
  "is_optional": false,
  "is_comment_mandatory": false,
  "positiveAnswerText": "Yes",
  "negativeAnswerText": "No",
  "numericalAnswers": {
    "0": "No answer",
    "1": "Below expectations",
    "2": "Meets expectations",
    "3": "Above expectations"
  },
  "weight": 1.0,
  "min_num_words": 1
},
{
  "_id": ObjectId("5a9543e83f68ad0010e75ce9"),
  "html_text": "<p><strong>2b:</strong> Is the computed median 3?</p>",
  "question_type": "boolean",
  "is_optional": false,
  "is_comment_mandatory": false,
  "positiveAnswerText": "Yes",
  "negativeAnswerText": "No",
  "numericalAnswers": {
    "0": "No answer",
    "1": "Below expectations",
    "2": "Meets expectations",
    "3": "Above expectations"
  },
  "weight": 1.0,
  "min_num_words": 1
},
{
  "_id": ObjectId("5a9543e83f68ad0010e75cea"),
  "html_text": "<p><strong>3: </strong>Is there a satisfying explanation to the question?</p>",
  "question_type": "numerical",
  "is_optional": false,
  "is_comment_mandatory": true,
  "positiveAnswerText": "Yes",
  "negativeAnswerText": "No",
  "numericalAnswers": {
    "0": "No",
    "1": "Somewhat",
    "2": "Yes"
  },
  "weight": 1.0,
  "min_num_words": 1
},
{
  "_id": ObjectId("5a9543e83f68ad0010e75cec"),
  "html_text": "<p><strong>a:</strong> Does the solution roughly look like this: https://goo.gl/cD5wM5? Different bin sizes can be used, and histograms can be plotted in separate subplots; what's important is that you can see how the distributions are different.</p>",
  "question_type": "numerical",
  "is_optional": false,
  "is_comment_mandatory": true,
  "positiveAnswerText": "Yes",
  "negativeAnswerText": "No",
  "numericalAnswers": {
    "0": "No, something is clearly wrong",
    "1": "Somewhat, but something minor is wrong",
    "2": "Yes, the trends look the same"
  },
  "weight": 1.0,
  "min_num_words": 1
},
{
  "_id": ObjectId("5a9543e83f68ad0010e75ced"),
  "html_text": "<p><strong>b:</strong> Is there a satisfying explanation to the question: \"<span style=\"color: rgb(0, 0, 0);\">Can you say anything about the popularity of characters in the Marvel universe based on your visualization?</span>\" It must show that the students have thought about what their result means.</p>",
  "question_type": "numerical",
  "is_optional": false,
  "is_comment_mandatory": true,
  "positiveAnswerText": "Yes",
  "negativeAnswerText": "No",
  "numericalAnswers": {
    "0": "There is no answer",
    "1": "There is a somewhat satisfying explanation",
    "2": "There is an excellent explanation"
  },
  "weight": 1.0,
  "min_num_words": 1
},
{
  "_id": ObjectId("5a9543e83f68ad0010e75cef"),
  "html_text": "<p><strong>b:</strong> Is there a satisfying explanation of the solution?</p>",
  "question_type": "numerical",
  "is_optional": false,
  "is_comment_mandatory": true,
  "positiveAnswerText": "Yes",
  "negativeAnswerText": "No",
  "numericalAnswers": {
    "0": "There is no answer",
    "1": "There is a somewhat satisfying explanation",
    "2": "There is an excellent explanation"
  },
  "weight": 1.0,
  "min_num_words": 1
},
{
  "_id": ObjectId("5a9543e83f68ad0010e75cf0"),
  "html_text": "<p><strong>1a:</strong> Do the students train the classifier? The \".fit\" method must be called on their model object.</p>",
  "question_type": "boolean",
  "is_optional": false,
  "is_comment_mandatory": false,
  "positiveAnswerText": "Yes",
  "negativeAnswerText": "No",
  "numericalAnswers": {
    "0": "No answer",
    "1": "Below expectations",
    "2": "Meets expectations",
    "3": "Above expectations"
  },
  "weight": 1.0,
  "min_num_words": 1
},
{
  "_id": ObjectId("5a9543e83f68ad0010e75cf1"),
  "html_text": "<p><strong>1b:</strong> Do they compute an accuracy? Using the BernoulliNB classifier it should be around 0.92.</p>",
  "question_type": "numerical",
  "is_optional": false,
  "is_comment_mandatory": false,
  "positiveAnswerText": "Yes",
  "negativeAnswerText": "No",
  "numericalAnswers": {
    "0": "No solution",
    "1": "Using the BernoulliNB classifier, they report an accuracy but it's not within a ±.05 margin of 0.92.",
    "2": "Using the BernoulliNB classifier, they report an accuracy within a ±.05 margin of 0.92, or they report a higher accuracy using a different classifier"
  },
  "weight": 1.0,
  "min_num_words": 1
},
{
  "_id": ObjectId("5a9543e83f68ad0010e75cf2"),
  "html_text": "<p><strong>1c:</strong> Do they report the accuracy of a \"dumb\" model? It should be close to either 0.515 (characters with no alliances removed) or 0.557 (no characters removed).</p>",
  "question_type": "numerical",
  "is_optional": false,
  "is_comment_mandatory": false,
  "positiveAnswerText": "Yes",
  "negativeAnswerText": "No",
  "numericalAnswers": {
    "0": "No",
    "1": "Yes, but it's not correct",
    "2": "Correct solution"
  },
  "weight": 1.0,
  "min_num_words": 1
},
{
  "_id": ObjectId("5a9543e83f68ad0010e75cf3"),
  "html_text": "<p><strong>2a:</strong> Rate the solution. I arrive at these scores:</p><pre class=\"ql-syntax\" spellcheck=\"false\">Precision:   0.960\nRecall:      0.869\nF1:          0.913\n</pre><p><br></p>",
  "question_type": "numerical",
  "is_optional": false,
  "is_comment_mandatory": false,
  "positiveAnswerText": "Yes",
  "negativeAnswerText": "No",
  "numericalAnswers": {
    "0": "No scores are computed",
    "1": "Scores are computed but they are off by more than a ±0.03 margin.",
    "2": "Correct solution"
  },
  "weight": 1.0,
  "min_num_words": 1
},
{
  "_id": ObjectId("5a9543e83f68ad0010e75cf4"),
  "html_text": "<p><strong>2b:</strong> Have the scores been computed only using numpy?</p>",
  "question_type": "boolean",
  "is_optional": false,
  "is_comment_mandatory": false,
  "positiveAnswerText": "Yes",
  "negativeAnswerText": "No",
  "numericalAnswers": {
    "0": "No answer",
    "1": "Below expectations",
    "2": "Meets expectations",
    "3": "Above expectations"
  },
  "weight": 1.0,
  "min_num_words": 1
},
{
  "_id": ObjectId("5a9543e83f68ad0010e75cf6"),
  "html_text": "<p><strong>1a: </strong>Rate the solution. My figure looks like this: https://goo.gl/tKacrB. Justify your rating with reference to the way the problem was posed: \"<span style=\"color: rgb(0, 0, 0);\">Implement cross validation over&nbsp;K=10&nbsp;folds. For each fold you must record the training and test accuracies. In the end, visualize the distributions of test- and training accuracy as histograms in the same plot.&nbsp;</span>\"</p>",
  "question_type": "numerical",
  "is_optional": false,
  "is_comment_mandatory": true,
  "positiveAnswerText": "Yes",
  "negativeAnswerText": "No",
  "numericalAnswers": {
    "0": "0 (no solution)",
    "1": "1",
    "2": "2",
    "3": "3",
    "4": "4 (excellent solution)"
  },
  "weight": 1.0,
  "min_num_words": 1
},
{
  "_id": ObjectId("5a9543e83f68ad0010e75cf7"),
  "html_text": "<p><strong>1b:</strong> Is the result commented? Does the comment reveal that the students understand the solution (why for example the training accuracy is higher than the test accuracy)?</p>",
  "question_type": "numerical",
  "is_optional": false,
  "is_comment_mandatory": true,
  "positiveAnswerText": "Yes",
  "negativeAnswerText": "No",
  "numericalAnswers": {
    "0": "No comment",
    "1": "Comment, but not insightful",
    "2": "Excellent commenting of result"
  },
  "weight": 1.0,
  "min_num_words": 1
},
{
  "_id": ObjectId("5ac3cfd55c6905000f9becd9"),
  "html_text": "<p><strong>Good to know:</strong></p><p><br></p><ul><li>A section corresponds to a single exercise (e.g. 3.2.1).</li><li>Each section contains multiple rubrics.</li><li>Rubrics that start with a number (e.g.&nbsp;<strong>2:</strong>) refer to a specific sub-exercise (e.g. 3.2.1.<strong>2</strong>). When there are multiple rubrics for one sub-exercise, they are disambiguated with letters (a, b, c, ...).</li><li>You can edit your evaluations until deadline.</li></ul><p><br></p><p><strong>How to:</strong></p><p><br></p><ul><li>Open the assignment.</li><li>Review it by filling out the rubrics, starting from the top.</li><li>Comment abundantly, unless the rubric answer you chose is enough explanation in itself.</li></ul><p><br></p>",
  "question_type": "text-block",
  "is_optional": false,
  "is_comment_mandatory": false,
  "positiveAnswerText": "Yes",
  "negativeAnswerText": "No",
  "numericalAnswers": {
    "2": "Meets expectations",
    "3": "Above expectations",
    "0": "No answer",
    "1": "Below expectations"
  },
  "weight": 0.0,
  "min_num_words": 1
},
{
  "_id": ObjectId("5ac3cfd55c6905000f9becdb"),
  "html_text": "<p>Are all three examples of networks meaningful?</p>",
  "question_type": "numerical",
  "is_optional": false,
  "is_comment_mandatory": false,
  "positiveAnswerText": "Yes",
  "negativeAnswerText": "No",
  "numericalAnswers": {
    "2": "Excellent examples!",
    "0": "No, not at all",
    "1": "One of the examples didn't make sense"
  },
  "weight": 1.0,
  "min_num_words": 1
},
{
  "_id": ObjectId("5ac3cfd55c6905000f9becdd"),
  "html_text": "<p>Sparse networks are networks, where some potential links are not realized.</p>",
  "question_type": "text-block",
  "is_optional": false,
  "is_comment_mandatory": false,
  "positiveAnswerText": "Yes",
  "negativeAnswerText": "No",
  "numericalAnswers": {
    "2": "Meets expectations",
    "3": "Above expectations",
    "0": "No answer",
    "1": "Below expectations"
  },
  "weight": 0.0,
  "min_num_words": 1
},
{
  "_id": ObjectId("5ac3cfd55c6905000f9becde"),
  "html_text": "<p>How would rate the quality of the solution?</p>",
  "question_type": "numerical",
  "is_optional": false,
  "is_comment_mandatory": true,
  "positiveAnswerText": "Yes",
  "negativeAnswerText": "No",
  "numericalAnswers": {
    "2": "2",
    "3": "3",
    "0": "0",
    "1": "1",
    "4": "4"
  },
  "weight": 1.0,
  "min_num_words": 1
},
{
  "_id": ObjectId("5ac3cfd55c6905000f9bece0"),
  "html_text": "<p><strong>1:</strong> How would you rate the explanation?</p>",
  "question_type": "numerical",
  "is_optional": false,
  "is_comment_mandatory": true,
  "positiveAnswerText": "Yes",
  "negativeAnswerText": "No",
  "numericalAnswers": {
    "2": "2",
    "3": "3",
    "0": "0",
    "1": "1",
    "4": "4"
  },
  "weight": 1.0,
  "min_num_words": 1
},
{
  "_id": ObjectId("5ac3cfd55c6905000f9bece1"),
  "html_text": "<p><strong>2:</strong> Do the students create a BA network using the `barabasi_albert_graph` method, or some other networkx method?</p>",
  "question_type": "boolean",
  "is_optional": false,
  "is_comment_mandatory": false,
  "positiveAnswerText": "Yes",
  "negativeAnswerText": "No",
  "numericalAnswers": {
    "2": "Meets expectations",
    "3": "Above expectations",
    "0": "No answer",
    "1": "Below expectations"
  },
  "weight": 1.0,
  "min_num_words": 1
},
{
  "_id": ObjectId("5ac3cfd55c6905000f9bece2"),
  "html_text": "<p><strong>3:</strong> Do they plot the network? Does it look right?</p>",
  "question_type": "numerical",
  "is_optional": false,
  "is_comment_mandatory": false,
  "positiveAnswerText": "Yes",
  "negativeAnswerText": "No",
  "numericalAnswers": {
    "2": "Yes",
    "0": "No",
    "1": "Yes, but it doesn't look right"
  },
  "weight": 1.0,
  "min_num_words": 1
},
{
  "_id": ObjectId("5ac3cfd55c6905000f9bece3"),
  "html_text": "<p><strong>4:</strong> Do they plot the degree distribution?</p>",
  "question_type": "numerical",
  "is_optional": false,
  "is_comment_mandatory": false,
  "positiveAnswerText": "Yes",
  "negativeAnswerText": "No",
  "numericalAnswers": {
    "2": "Yes",
    "0": "No",
    "1": "Yes, but it doesn't look right"
  },
  "weight": 1.0,
  "min_num_words": 1
},
{
  "_id": ObjectId("5ac3cfd55c6905000f9bece4"),
  "html_text": "<p><strong>5: </strong>Is the explanation meaningful? It should at least be noted that the degree distributions differ fundamentally.</p>",
  "question_type": "boolean",
  "is_optional": false,
  "is_comment_mandatory": false,
  "positiveAnswerText": "Yes",
  "negativeAnswerText": "No",
  "numericalAnswers": {
    "2": "Meets expectations",
    "3": "Above expectations",
    "0": "No answer",
    "1": "Below expectations"
  },
  "weight": 1.0,
  "min_num_words": 1
},
{
  "_id": ObjectId("5ac3cfd55c6905000f9bece5"),
  "html_text": "<p><strong>6:</strong> Do the students mention some other meaningful measures we could have used to quantify the networks? Rate the answer.</p>",
  "question_type": "numerical",
  "is_optional": false,
  "is_comment_mandatory": true,
  "positiveAnswerText": "Yes",
  "negativeAnswerText": "No",
  "numericalAnswers": {
    "2": "2",
    "3": "3",
    "0": "0",
    "1": "1",
    "4": "4"
  },
  "weight": 1.0,
  "min_num_words": 1
},
{
  "_id": ObjectId("5ac3cfd55c6905000f9bece7"),
  "html_text": "<p>Do the students successfully create a network?</p>",
  "question_type": "boolean",
  "is_optional": false,
  "is_comment_mandatory": false,
  "positiveAnswerText": "Yes",
  "negativeAnswerText": "No",
  "numericalAnswers": {
    "2": "Meets expectations",
    "3": "Above expectations",
    "0": "No answer",
    "1": "Below expectations"
  },
  "weight": 1.0,
  "min_num_words": 1
},
{
  "_id": ObjectId("5ac3cfd55c6905000f9bece8"),
  "html_text": "<p>Is the number of node in the network between 300 and 500 or exactly 2078?</p>",
  "question_type": "numerical",
  "is_optional": false,
  "is_comment_mandatory": false,
  "positiveAnswerText": "Yes",
  "negativeAnswerText": "No",
  "numericalAnswers": {
    "2": "Yes",
    "0": "No",
    "1": "Very close (±10)"
  },
  "weight": 1.0,
  "min_num_words": 1
},
{
  "_id": ObjectId("5ac3cfd55c6905000f9bece9"),
  "html_text": "<p>Is the number of edges between 350 and 650?</p>",
  "question_type": "boolean",
  "is_optional": false,
  "is_comment_mandatory": false,
  "positiveAnswerText": "Yes",
  "negativeAnswerText": "No",
  "numericalAnswers": {
    "2": "Meets expectations",
    "3": "Above expectations",
    "0": "No answer",
    "1": "Below expectations"
  },
  "weight": 1.0,
  "min_num_words": 1
},
{
  "_id": ObjectId("5ac3cfd55c6905000f9becea"),
  "html_text": "<p>Is the degree between 0.35 – 0.60 or between 1.2 – 2.5?</p>",
  "question_type": "boolean",
  "is_optional": false,
  "is_comment_mandatory": false,
  "positiveAnswerText": "Yes",
  "negativeAnswerText": "No",
  "numericalAnswers": {
    "2": "Meets expectations",
    "3": "Above expectations",
    "0": "No answer",
    "1": "Below expectations"
  },
  "weight": 1.0,
  "min_num_words": 1
},
{
  "_id": ObjectId("5ac3cfd55c6905000f9beceb"),
  "html_text": "<p>The point here was less about writing a perfect regex to extract the exact partnerships, and more about constructing the network. Accordingly, different groups probably ended up with slightly different networks. The important thing is therefore not so much the exact numbers, but more that the students wrote something that works.</p>",
  "question_type": "text-block",
  "is_optional": false,
  "is_comment_mandatory": false,
  "positiveAnswerText": "Yes",
  "negativeAnswerText": "No",
  "numericalAnswers": {
    "2": "Meets expectations",
    "3": "Above expectations",
    "0": "No answer",
    "1": "Below expectations"
  },
  "weight": 0.0,
  "min_num_words": 1
},
{
  "_id": ObjectId("5ac3cfd55c6905000f9beced"),
  "html_text": "<p>Is the degree distribution plotted? Does it look heavy tailed (example: https://goo.gl/6iqenn)?</p>",
  "question_type": "numerical",
  "is_optional": false,
  "is_comment_mandatory": false,
  "positiveAnswerText": "Yes",
  "negativeAnswerText": "No",
  "numericalAnswers": {
    "2": "Yes",
    "0": "No",
    "1": "It's plotted but it looks wrong"
  },
  "weight": 1.0,
  "min_num_words": 1
},
{
  "_id": ObjectId("5ac3cfd55c6905000f9becee"),
  "html_text": "<p>Do the authors correctly remark that the distribution looks like a power law?</p>",
  "question_type": "boolean",
  "is_optional": false,
  "is_comment_mandatory": false,
  "positiveAnswerText": "Yes",
  "negativeAnswerText": "No",
  "numericalAnswers": {
    "2": "Meets expectations",
    "3": "Above expectations",
    "0": "No answer",
    "1": "Below expectations"
  },
  "weight": 1.0,
  "min_num_words": 1
},
{
  "_id": ObjectId("5ac3cfd55c6905000f9becf0"),
  "html_text": "<p>Do the authors successfully align the three figures with shared y-axes?</p>",
  "question_type": "numerical",
  "is_optional": false,
  "is_comment_mandatory": false,
  "positiveAnswerText": "Yes",
  "negativeAnswerText": "No",
  "numericalAnswers": {
    "2": "Yes",
    "0": "No",
    "1": "Almost, something minor is wrong (comment)"
  },
  "weight": 1.0,
  "min_num_words": 1
},
{
  "_id": ObjectId("5ac3cfd55c6905000f9becf1"),
  "html_text": "<p>Due to differences in the regex used, the ordering of characters may different. My solution looks like this: https://goo.gl/DnVbWw. Is there at least one character in each class that overlaps between the given solution and mine?</p>",
  "question_type": "numerical",
  "is_optional": false,
  "is_comment_mandatory": false,
  "positiveAnswerText": "Yes",
  "negativeAnswerText": "No",
  "numericalAnswers": {
    "2": "Yes",
    "0": "No",
    "1": "Almost (±1)"
  },
  "weight": 1.0,
  "min_num_words": 1
},
{
  "_id": ObjectId("5ac3cfd55c6905000f9becf3"),
  "html_text": "<p>Is there a word cloud plotted for each faction?</p>",
  "question_type": "numerical",
  "is_optional": false,
  "is_comment_mandatory": false,
  "positiveAnswerText": "Yes",
  "negativeAnswerText": "No",
  "numericalAnswers": {
    "2": "There are three wordclouds but something is no right (comment)",
    "3": "Excellent solution!",
    "0": "No",
    "1": "There is not one for each faction"
  },
  "weight": 1.0,
  "min_num_words": 1
},
{
  "_id": ObjectId("5a67048882ea10d65c794c3b"),
  "html_text": "<p>How useful was the feedback?</p>",
  "question_type": "numerical",
  "numericalAnswers": {
    "1": "Not at all useful",
    "2": "Not very useful",
    "3": "Somewhat useful, although it could have been more elaborate",
    "4": "Very useful, although minor things could have been better",
    "5": "Extremely useful, constructive and justified"
  },
  "weight": 1.0,
  "__pg_id__": "reaction_rubric_v2__constructive_score"
},
{
  "_id": ObjectId("5a67048882ea10d65c794c3c"),
  "html_text": "<p>Is the feedback constructive and propose things to improve?</p>",
  "question_type": "boolean",
  "negativeAnswerText": "No",
  "positiveAnswerText": "Yes ",
  "weight": 0.0,
  "__pg_id__": "reaction_rubric_v2__improvement_constructivity",
  "is_optional": true
},
{
  "_id": ObjectId("5a67048882ea10d65c794c3d"),
  "html_text": "<p>Is the feedback specific and point to concrete things that can be improved?</p>",
  "question_type": "boolean",
  "negativeAnswerText": "No",
  "positiveAnswerText": "Yes",
  "weight": 0.0,
  "__pg_id__": "reaction_rubric_v2__improvement_specificity",
  "is_optional": true
},
{
  "_id": ObjectId("5a67048882ea10d65c794c3e"),
  "html_text": "<p>Is the feedback written in a kind way?</p>",
  "question_type": "boolean",
  "negativeAnswerText": "The feedback is too harsh and uses harsh language",
  "positiveAnswerText": "Yes",
  "weight": 0.0,
  "__pg_id__": "reaction_rubric_v2__improvement_kindness",
  "is_optional": true
},
{
  "_id": ObjectId("5a67048882ea10d65c794c3f"),
  "html_text": "<p>Is the feedback justified and give arguments for the decisions?</p>",
  "question_type": "boolean",
  "negativeAnswerText": "No",
  "positiveAnswerText": "Yes",
  "weight": 0.0,
  "__pg_id__": "reaction_rubric_v2__improvement_justification",
  "is_optional": true
},
{
  "_id": ObjectId("5a67048882ea10d65c794c40"),
  "html_text": "<p>Is the feedback relevant to the submission and addresses the right things?</p>",
  "question_type": "boolean",
  "negativeAnswerText": "No",
  "positiveAnswerText": "Yes",
  "weight": 0.0,
  "__pg_id__": "reaction_rubric_v2__improvement_relevance",
  "is_optional": true
},
{
  "_id": ObjectId("5a67048882ea10d65c794c41"),
  "html_text": "<p>Additional comments?</p>",
  "question_type": "text",
  "is_optional": true,
  "__pg_id__": "reaction_rubric_v2__comment"
},
{
  "_id": ObjectId("5a67048882ea10d65c794c44"),
  "html_text": "<p>How useful was the feedback?</p>",
  "question_type": "numerical",
  "numericalAnswers": {
    "1": "Not at all useful",
    "2": "Not very useful",
    "3": "Somewhat useful, although it could have been more elaborate",
    "4": "Very useful, although minor things could have been better",
    "5": "Extremely useful, constructive and justified"
  },
  "weight": 1.0,
  "__pg_id__": "reaction_rubric_v2__constructive_score"
},
{
  "_id": ObjectId("5a67048882ea10d65c794c45"),
  "html_text": "<p>Is the feedback constructive and propose things to improve?</p>",
  "question_type": "boolean",
  "negativeAnswerText": "No",
  "positiveAnswerText": "Yes ",
  "weight": 0.0,
  "__pg_id__": "reaction_rubric_v2__improvement_constructivity",
  "is_optional": true
},
{
  "_id": ObjectId("5a67048882ea10d65c794c46"),
  "html_text": "<p>Is the feedback specific and point to concrete things that can be improved?</p>",
  "question_type": "boolean",
  "negativeAnswerText": "No",
  "positiveAnswerText": "Yes",
  "weight": 0.0,
  "__pg_id__": "reaction_rubric_v2__improvement_specificity",
  "is_optional": true
},
{
  "_id": ObjectId("5a67048882ea10d65c794c47"),
  "html_text": "<p>Is the feedback written in a kind way?</p>",
  "question_type": "boolean",
  "negativeAnswerText": "The feedback is too harsh and uses harsh language",
  "positiveAnswerText": "Yes",
  "weight": 0.0,
  "__pg_id__": "reaction_rubric_v2__improvement_kindness",
  "is_optional": true
},
{
  "_id": ObjectId("5a67048882ea10d65c794c48"),
  "html_text": "<p>Is the feedback justified and give arguments for the decisions?</p>",
  "question_type": "boolean",
  "negativeAnswerText": "No",
  "positiveAnswerText": "Yes",
  "weight": 0.0,
  "__pg_id__": "reaction_rubric_v2__improvement_justification",
  "is_optional": true
},
{
  "_id": ObjectId("5a67048882ea10d65c794c49"),
  "html_text": "<p>Is the feedback relevant to the submission and addresses the right things?</p>",
  "question_type": "boolean",
  "negativeAnswerText": "No",
  "positiveAnswerText": "Yes",
  "weight": 0.0,
  "__pg_id__": "reaction_rubric_v2__improvement_relevance",
  "is_optional": true
},
{
  "_id": ObjectId("5a67048882ea10d65c794c4a"),
  "html_text": "<p>Additional comments?</p>",
  "question_type": "text",
  "is_optional": true,
  "__pg_id__": "reaction_rubric_v2__comment"
}
]
