[{"assignment": "5a3a21af0b8d050012569879", "time_spent": 3684, "assigned_at": 1519941129.746, "feedback_date": 1520946230.974, "last_edited": 1519945036.7710001, "submitted_at": 1519945033.688, "handin": "5a96d34b96b455000ffabffa", "state": "ANSWERED", "_id": "5a987609a61315005804dd1d", "flagged": false, "giver": "5a96f6dcfbeb7f001017ba31"}, {"assignment": "5a3a21af0b8d050012569879", "time_spent": 2893, "assigned_at": 1519941909.463, "feedback_date": 1521062293.124, "last_edited": 1520120759.562, "submitted_at": 1520024529.528, "handin": "5a96f3bffbeb7f006ad56a41", "state": "ANSWERED", "_id": "5a9879153e4d6200103e5362", "flagged": false, "giver": "5a969ac21b83a20010b485c9"}, {"assignment": "5a3a21af0b8d050012569879", "time_spent": 1687, "assigned_at": 1519945033.923, "feedback_date": 1520896074.776, "last_edited": 1519946793.818, "submitted_at": 1519946790.803, "handin": "5a970a9ae2639500124d7e7e", "state": "ANSWERED", "_id": "5a988549900bbf0010565849", "flagged": false, "giver": "5a96f6dcfbeb7f001017ba31"}, {"assignment": "5a3a21af0b8d050012569879", "time_spent": 1576, "assigned_at": 1519946790.971, "feedback_date": 1520947583.259, "last_edited": 1520022825.094, "submitted_at": 1520022821.612, "handin": "5a97114791362e00124d9c89", "state": "ANSWERED", "_id": "5a988c263e4d62000f6af165", "flagged": false, "giver": "5a96f6dcfbeb7f001017ba31"}, {"assignment": "5a3a21af0b8d050012569879", "time_spent": 1982, "assigned_at": 1519986550.598, "feedback_date": 1523217914.543, "last_edited": 1520008299.82, "submitted_at": 1520008296.728, "handin": "5a97179091362e00124d9da1", "state": "ANSWERED", "_id": "5a992776dcbe930011b98d70", "flagged": false, "giver": "5a952f471947d4001140a578"}, {"assignment": "5a3a21af0b8d050012569879", "time_spent": 4746, "assigned_at": 1519999404.638, "feedback_date": 1521114701.82, "last_edited": 1520199965.4290001, "submitted_at": 1520101977.037, "handin": "5a9718fe0cdd8c001026a279", "state": "ANSWERED", "_id": "5a9959aca6cf9b000f0ee1e1", "flagged": false, "giver": "5a96f3450cdd8c0011d8e30e"}, {"assignment": "5a3a21af0b8d050012569879", "time_spent": 1801, "assigned_at": 1520003508.843, "feedback_date": 1521056550.453, "last_edited": 1520005366.345, "submitted_at": 1520005363.4490001, "handin": "5a971b1296b4550012309885", "state": "ANSWERED", "_id": "5a9969b4d05e7000127c724e", "flagged": false, "giver": "5a96d308ece60c000fb354c5"}, {"assignment": "5a3a21af0b8d050012569879", "time_spent": 2065, "assigned_at": 1520005363.6790001, "feedback_date": 1521119155.394, "last_edited": 1520015297.334, "submitted_at": 1520015293.356, "handin": "5a971b6991362e005cac1057", "state": "ANSWERED", "_id": "5a9970f37bdebd000f3de9e6", "flagged": false, "giver": "5a96d308ece60c000fb354c5"}, {"handin": "5a9721bcfbeb7f001017c05a", "state": "PROBLEMATIC", "assigned_at": 1520006537.264, "problematic_other_reason": "It makes me download a text file, and I don't know how to transfer it to python or jupyter notebook.", "problematic_reason": "OTHER", "assignment": "5a3a21af0b8d050012569879", "_id": "5a997589a6cf9b001122395e", "flagged": false, "giver": "5a96d2eb0cdd8c000fd85484"}, {"handin": "5a972511ece60c001286df5d", "state": "PROBLEMATIC", "assigned_at": 1520006851.805, "problematic_other_reason": "I can only download the assignment as a .txt file so I don't know how to review it on jupyter notebook.", "problematic_reason": "OTHER", "assignment": "5a3a21af0b8d050012569879", "_id": "5a9976c3e404150010498bc3", "flagged": false, "giver": "5a96d2eb0cdd8c000fd85484"}, {"handin": "5a9721bcfbeb7f001017c05a", "state": "PROBLEMATIC", "assigned_at": 1520006992.131, "problematic_reason": "WRONG_LANGUAGE", "assignment": "5a3a21af0b8d050012569879", "_id": "5a997750d970f100105f2655", "flagged": false, "giver": "5a96d2420cdd8c0012d652ef"}, {"assignment": "5a3a21af0b8d050012569879", "time_spent": 634, "assigned_at": 1520008297.335, "feedback_date": 1521454668.424, "last_edited": 1520008961.651, "submitted_at": 1520008958.135, "handin": "5a9726c8fbeb7f0058760870", "state": "ANSWERED", "_id": "5a997c690e3766001272b6d4", "flagged": false, "giver": "5a952f471947d4001140a578"}, {"handin": "5a9732f096b455000fface38", "time_spent": 69842, "state": "ANSWERED", "assigned_at": 1520008958.311, "submitted_at": 1520078825.641, "last_edited": 1520078829.349, "assignment": "5a3a21af0b8d050012569879", "_id": "5a997efecbdafe001189f965", "flagged": false, "giver": "5a952f471947d4001140a578"}, {"assignment": "5a3a21af0b8d050012569879", "time_spent": 3056, "assigned_at": 1520015293.613, "feedback_date": 1521054855.604, "last_edited": 1520018401.49, "submitted_at": 1520018397.321, "handin": "5a9817843398400010a68d49", "state": "ANSWERED", "_id": "5a9997bd0e37660011a64424", "flagged": false, "giver": "5a96d308ece60c000fb354c5"}, {"assignment": "5a3a21af0b8d050012569879", "time_spent": 7842, "assigned_at": 1520024529.933, "feedback_date": 1521122205.019, "last_edited": 1520117948.299, "submitted_at": 1520117945.257, "handin": "5a9704a29e72380012c1b911", "state": "ANSWERED", "_id": "5a99bbd1e404150057a098a9", "flagged": false, "giver": "5a969ac21b83a20010b485c9"}, {"assignment": "5a3a21af0b8d050012569879", "time_spent": 1486, "assigned_at": 1520034558.895, "feedback_date": 1521104026.74, "last_edited": 1520186666.733, "submitted_at": 1520186663.829, "handin": "5a973046ece60c006bb1c79f", "state": "ANSWERED", "_id": "5a99e2fecbdafe0012d0c694", "flagged": false, "giver": "5a947fd38bf2e50012c6b516"}, {"assignment": "5a3a21af0b8d050012569879", "time_spent": 1091, "assigned_at": 1520074987.927, "feedback_date": 1520896151.32, "last_edited": 1520076125.231, "submitted_at": 1520076122.024, "handin": "5a970a9ae2639500124d7e7e", "state": "ANSWERED", "_id": "5a9a80eb0e37660011a64c63", "flagged": false, "giver": "5a96ce6cefb5dc000fa50977"}, {"assignment": "5a3a21af0b8d050012569879", "time_spent": 846, "assigned_at": 1520076122.25, "feedback_date": 1523217921.881, "last_edited": 1520076998.4520001, "submitted_at": 1520076994.908, "handin": "5a97179091362e00124d9da1", "state": "ANSWERED", "_id": "5a9a855ad9147b0011371475", "flagged": false, "giver": "5a96ce6cefb5dc000fa50977"}, {"assignment": "5a3a21af0b8d050012569879", "time_spent": 1769, "assigned_at": 1520076995.114, "feedback_date": 1521115865.877, "last_edited": 1520078793.846, "submitted_at": 1520078790.173, "handin": "5a9718fe0cdd8c001026a279", "state": "ANSWERED", "_id": "5a9a88c3d9147b000f960a7f", "flagged": false, "giver": "5a96ce6cefb5dc000fa50977"}, {"assignment": "5a3a21af0b8d050012569879", "time_spent": 2159, "assigned_at": 1520081807.542, "feedback_date": 1521056692.287, "last_edited": 1520084015.664, "submitted_at": 1520084012.602, "handin": "5a971b1296b4550012309885", "state": "ANSWERED", "_id": "5a9a9b8fd9147b00579cd333", "flagged": false, "giver": "5a96f345fbeb7f001256ad62"}, {"assignment": "5a3a21af0b8d050012569879", "time_spent": 1487, "assigned_at": 1520084012.812, "feedback_date": 1521119246.273, "last_edited": 1520086675.532, "submitted_at": 1520086672.624, "handin": "5a971b6991362e005cac1057", "state": "ANSWERED", "_id": "5a9aa42c5d7372000fb9ce69", "flagged": false, "giver": "5a96f345fbeb7f001256ad62"}, {"handin": "5a972511ece60c001286df5d", "state": "PROBLEMATIC", "assigned_at": 1520086672.941, "problematic_reason": "COULD_NOT_OPEN", "assignment": "5a3a21af0b8d050012569879", "_id": "5a9aae900e37660070b73da5", "flagged": false, "giver": "5a96f345fbeb7f001256ad62"}, {"assignment": "5a3a21af0b8d050012569879", "time_spent": 2609, "assigned_at": 1520087195.459, "feedback_date": 1521454736.976, "last_edited": 1520089869.7580001, "submitted_at": 1520089866.846, "handin": "5a9726c8fbeb7f0058760870", "state": "ANSWERED", "_id": "5a9ab09b5d73720080443d63", "flagged": false, "giver": "5a96d2eb0cdd8c000fd85484"}, {"assignment": "5a3a21af0b8d050012569879", "time_spent": 1431, "assigned_at": 1520088435.547, "feedback_date": 1520962118.936, "last_edited": 1520089915.053, "submitted_at": 1520089912.1790001, "handin": "5a972511ece60c001286df5d", "state": "ANSWERED", "_id": "5a9ab5737caaed007c46b195", "flagged": false, "giver": "5a971999e26395006ebf8bde"}, {"handin": "5a9732f096b455000fface38", "time_spent": 937, "state": "ANSWERED", "assigned_at": 1520089867.15, "submitted_at": 1520090848.101, "last_edited": 1520090851.894, "assignment": "5a3a21af0b8d050012569879", "_id": "5a9abb0b1ba8450010d248f1", "flagged": false, "giver": "5a96d2eb0cdd8c000fd85484"}, {"assignment": "5a3a21af0b8d050012569879", "time_spent": 2214, "assigned_at": 1520089912.635, "feedback_date": 1521054896.626, "last_edited": 1520092170.913, "submitted_at": 1520092167.105, "handin": "5a9817843398400010a68d49", "state": "ANSWERED", "_id": "5a9abb38e40415008e84d3e8", "flagged": false, "giver": "5a971999e26395006ebf8bde"}, {"assignment": "5a3a21af0b8d050012569879", "time_spent": 1543, "assigned_at": 1520090848.466, "feedback_date": 1521062432.668, "last_edited": 1520092440.042, "submitted_at": 1520092436.283, "handin": "5a96f3bffbeb7f006ad56a41", "state": "ANSWERED", "_id": "5a9abee0d9147b000f960b5e", "flagged": false, "giver": "5a96d2eb0cdd8c000fd85484"}, {"assignment": "5a3a21af0b8d050012569879", "time_spent": 3683, "assigned_at": 1520091179.63, "feedback_date": 1521122280.57, "last_edited": 1520154883.497, "submitted_at": 1520154880.285, "handin": "5a9704a29e72380012c1b911", "state": "ANSWERED", "_id": "5a9ac02b0e3766000fbd317d", "flagged": false, "giver": "5a96d2420cdd8c0012d652ef"}, {"handin": "5a9721bcfbeb7f001017c05a", "time_spent": 2080, "state": "ANSWERED", "assigned_at": 1520092167.512, "submitted_at": 1520094281.188, "last_edited": 1520094284.8700001, "assignment": "5a3a21af0b8d050012569879", "_id": "5a9ac407d9147b00579cd404", "flagged": false, "giver": "5a971999e26395006ebf8bde"}, {"handin": "5a9721bcfbeb7f001017c05a", "state": "PROBLEMATIC", "assigned_at": 1520097447.492, "problematic_other_reason": "It's a .txt file and I'm not sure how to interpret it.", "problematic_reason": "OTHER", "assignment": "5a3a21af0b8d050012569879", "_id": "5a9ad8a7e67cb700127e9293", "flagged": false, "giver": "5a97235a96b455000ffacd04"}, {"assignment": "5a3a21af0b8d050012569879", "time_spent": 6284, "assigned_at": 1520097792.229, "feedback_date": 1520983798.728, "last_edited": 1520169605.68, "submitted_at": 1520169602.558, "handin": "5a96d34b96b455000ffabffa", "state": "ANSWERED", "_id": "5a9ada0085fe930011a42707", "flagged": false, "giver": "5a952a05cb184b0010e396cf"}, {"assignment": "5a3a21af0b8d050012569879", "time_spent": 1603, "assigned_at": 1520097984.579, "feedback_date": 1520947690.321, "last_edited": 1520099647.318, "submitted_at": 1520099644.628, "handin": "5a97114791362e00124d9c89", "state": "ANSWERED", "_id": "5a9adac060e1910010603e8d", "flagged": false, "giver": "5a97235a96b455000ffacd04"}, {"assignment": "5a3a21af0b8d050012569879", "time_spent": 791, "assigned_at": 1520099645.504, "feedback_date": 1521104197.217, "last_edited": 1520100567.548, "submitted_at": 1520100563.3470001, "handin": "5a973046ece60c006bb1c79f", "state": "ANSWERED", "_id": "5a9ae13d85fe93001069011e", "flagged": false, "giver": "5a97235a96b455000ffacd04"}, {"assignment": "5a3a21af0b8d050012569879", "time_spent": 813, "assigned_at": 1520100563.976, "feedback_date": 1520896205.756, "last_edited": 1520101445.479, "submitted_at": 1520101436.599, "handin": "5a970a9ae2639500124d7e7e", "state": "ANSWERED", "_id": "5a9ae4d34e61c2006b32f45e", "flagged": false, "giver": "5a97235a96b455000ffacd04"}, {"handin": "5a9721bcfbeb7f001017c05a", "state": "PROBLEMATIC", "assigned_at": 1520101977.677, "problematic_other_reason": "The group uploaded a text file. Does not have any of their code in it", "problematic_reason": "OTHER", "assignment": "5a3a21af0b8d050012569879", "_id": "5a9aea5960e1910010603ed6", "flagged": false, "giver": "5a96f3450cdd8c0011d8e30e"}, {"assignment": "5a3a21af0b8d050012569879", "time_spent": 2862, "assigned_at": 1520102655.855, "feedback_date": 1523217926.3, "last_edited": 1520200156.511, "submitted_at": 1520178464.091, "handin": "5a97179091362e00124d9da1", "state": "ANSWERED", "_id": "5a9aecff9154f9000fb8397f", "flagged": false, "giver": "5a96f3450cdd8c0011d8e30e"}, {"assignment": "5a3a21af0b8d050012569879", "time_spent": 900, "assigned_at": 1520108839.3370001, "feedback_date": 1521119327.48, "last_edited": 1520109791.141, "submitted_at": 1520109788.115, "handin": "5a971b6991362e005cac1057", "state": "ANSWERED", "_id": "5a9b05279154f90012651006", "flagged": false, "giver": "5a96f40b0cdd8c000fd85969"}, {"handin": "5a972511ece60c001286df5d", "time_spent": 145, "state": "PROBLEMATIC", "assigned_at": 1520108902.506, "last_edited": 1520109101.342, "problematic_reason": "COULD_NOT_OPEN", "assignment": "5a3a21af0b8d050012569879", "_id": "5a9b0566a4c2cf001151a7ba", "flagged": false, "giver": "5a96f34d96b455000ffac55c"}, {"handin": "5a9732f096b455000fface38", "time_spent": 1133, "state": "ANSWERED", "assigned_at": 1520109452.705, "submitted_at": 1520110635.629, "last_edited": 1520110638.774, "assignment": "5a3a21af0b8d050012569879", "_id": "5a9b078cbd30060011483db6", "flagged": false, "giver": "5a96f34d96b455000ffac55c"}, {"handin": "5a972511ece60c001286df5d", "state": "PROBLEMATIC", "assigned_at": 1520109788.375, "problematic_other_reason": "File was a .txt and not in jupyter notebook", "problematic_reason": "OTHER", "assignment": "5a3a21af0b8d050012569879", "_id": "5a9b08dc9154f90011ede664", "flagged": false, "giver": "5a96f40b0cdd8c000fd85969"}, {"assignment": "5a3a21af0b8d050012569879", "time_spent": 376, "assigned_at": 1520109858.622, "feedback_date": 1521054917.5310001, "last_edited": 1520110266.194, "submitted_at": 1520110262.971, "handin": "5a9817843398400010a68d49", "state": "ANSWERED", "_id": "5a9b09229154f90010fed3cf", "flagged": false, "giver": "5a96f40b0cdd8c000fd85969"}, {"assignment": "5a3a21af0b8d050012569879", "time_spent": 413, "assigned_at": 1520110263.21, "feedback_date": 1521116031.208, "last_edited": 1520110700.88, "submitted_at": 1520110696.738, "handin": "5a9718fe0cdd8c001026a279", "state": "ANSWERED", "_id": "5a9b0ab7bd300600127435e2", "flagged": false, "giver": "5a96f40b0cdd8c000fd85969"}, {"assignment": "5a3a21af0b8d050012569879", "time_spent": 707, "assigned_at": 1520110636.632, "feedback_date": 1521063266.1560001, "last_edited": 1520111407.807, "submitted_at": 1520111385.552, "handin": "5a96d34b96b455000ffabffa", "state": "ANSWERED", "_id": "5a9b0c2cbd3006000fa26b33", "flagged": false, "giver": "5a96f34d96b455000ffac55c"}, {"assignment": "5a3a21af0b8d050012569879", "time_spent": 1477, "assigned_at": 1520111389.612, "feedback_date": 1520947885.042, "last_edited": 1520112962.069, "submitted_at": 1520112957.487, "handin": "5a97114791362e00124d9c89", "state": "ANSWERED", "_id": "5a9b0f1d4e61c2006b32f63f", "flagged": false, "giver": "5a96f34d96b455000ffac55c"}, {"assignment": "5a3a21af0b8d050012569879", "time_spent": 2595, "assigned_at": 1520117945.476, "feedback_date": 1521056762.793, "last_edited": 1520120586.427, "submitted_at": 1520120582.55, "handin": "5a971b1296b4550012309885", "state": "ANSWERED", "_id": "5a9b28b9bd30060012743645", "flagged": false, "giver": "5a969ac21b83a20010b485c9"}, {"assignment": "5a3a21af0b8d050012569879", "time_spent": 557, "assigned_at": 1520119935.946, "feedback_date": 1521104310.404, "last_edited": 1520120793.67, "submitted_at": 1520120790.816, "handin": "5a973046ece60c006bb1c79f", "state": "ANSWERED", "_id": "5a9b307fa153aa000fc5520f", "flagged": false, "giver": "5a8ec28f0e7c2a000fe80992"}, {"assignment": "5a3a21af0b8d050012569879", "time_spent": 460, "assigned_at": 1520120791.177, "feedback_date": 1521062570.941, "last_edited": 1520121286.262, "submitted_at": 1520121280.982, "handin": "5a96f3bffbeb7f006ad56a41", "state": "ANSWERED", "_id": "5a9b33d7a153aa000fc55223", "flagged": false, "giver": "5a8ec28f0e7c2a000fe80992"}, {"assignment": "5a3a21af0b8d050012569879", "time_spent": 1441, "assigned_at": 1520121281.325, "feedback_date": 1522615057.244, "last_edited": 1520122824.947, "submitted_at": 1520122800.524, "handin": "5a9704a29e72380012c1b911", "state": "ANSWERED", "_id": "5a9b35c14e61c2006b32f6f3", "flagged": false, "giver": "5a8ec28f0e7c2a000fe80992"}, {"assignment": "5a3a21af0b8d050012569879", "time_spent": 858, "assigned_at": 1520143164.296, "feedback_date": 1521454786.426, "last_edited": 1520151380.9750001, "submitted_at": 1520151378.069, "handin": "5a9726c8fbeb7f0058760870", "state": "ANSWERED", "_id": "5a9b8b3ca3f69b00122cb434", "flagged": false, "giver": "5a970a6996b455000ffac915"}, {"assignment": "5a3a21af0b8d050012569879", "time_spent": 1316, "assigned_at": 1520151378.647, "feedback_date": 1523217937.013, "last_edited": 1520152737.2710001, "submitted_at": 1520152733.388, "handin": "5a97179091362e00124d9da1", "state": "ANSWERED", "_id": "5a9bab52a153aa0011137ab8", "flagged": false, "giver": "5a970a6996b455000ffac915"}, {"assignment": "5a3a21af0b8d050012569879", "time_spent": 477, "assigned_at": 1520152733.9390001, "feedback_date": 1521119367.559, "last_edited": 1520153269.027, "submitted_at": 1520153259.503, "handin": "5a971b6991362e005cac1057", "state": "ANSWERED", "_id": "5a9bb09d4e61c2005961a3e1", "flagged": false, "giver": "5a970a6996b455000ffac915"}, {"handin": "5a9732f096b455000fface38", "time_spent": 698, "state": "ANSWERED", "assigned_at": 1520154669.934, "submitted_at": 1520155399.6990001, "last_edited": 1520155402.559, "assignment": "5a3a21af0b8d050012569879", "_id": "5a9bb82d60e1910012d3b4ee", "flagged": false, "giver": "5a96b13f0cdd8c000fd8505b"}, {"assignment": "5a3a21af0b8d050012569879", "time_spent": 5059, "assigned_at": 1520154880.598, "feedback_date": 1521117198.033, "last_edited": 1520160009.154, "submitted_at": 1520160005.421, "handin": "5a9718fe0cdd8c001026a279", "state": "ANSWERED", "_id": "5a9bb90085fe930011a42960", "flagged": false, "giver": "5a96d2420cdd8c0012d652ef"}, {"assignment": "5a3a21af0b8d050012569879", "time_spent": 556, "assigned_at": 1520155400, "feedback_date": 1520896300.56, "last_edited": 1520155986.22, "submitted_at": 1520155982.2250001, "handin": "5a970a9ae2639500124d7e7e", "state": "ANSWERED", "_id": "5a9bbb074e61c2005961a40c", "flagged": false, "giver": "5a96b13f0cdd8c000fd8505b"}, {"assignment": "5a3a21af0b8d050012569879", "time_spent": 375, "assigned_at": 1520155982.816, "feedback_date": 1520947933.963, "last_edited": 1520156381.14, "submitted_at": 1520156377.367, "handin": "5a97114791362e00124d9c89", "state": "ANSWERED", "_id": "5a9bbd4ea153aa0011137af9", "flagged": false, "giver": "5a96b13f0cdd8c000fd8505b"}, {"assignment": "5a3a21af0b8d050012569879", "time_spent": 5918, "assigned_at": 1520160005.718, "feedback_date": 1521056794.881, "last_edited": 1520165995.17, "submitted_at": 1520165991.458, "handin": "5a971b1296b4550012309885", "state": "ANSWERED", "_id": "5a9bcd059154f90012651241", "flagged": false, "giver": "5a96d2420cdd8c0012d652ef"}, {"handin": "5a972511ece60c001286df5d", "time_spent": 2175, "state": "ANSWERED", "last_edited": 1523776021.6560001, "submitted_at": 1523776021.6560001, "assignment": "5a3a21af0b8d050012569879", "_id": "5a9bda93a4c2cf0012b9a68c", "flagged": false, "giver": "57c2a2f4865114000f9424a1"}, {"assignment": "5a3a21af0b8d050012569879", "handin": "5a96d34b96b455000ffabffa", "state": "UNSTARTED", "_id": "5a9bdaab85fe93000f83d039", "flagged": false, "giver": "57c2a2f4865114000f9424a1"}, {"assignment": "5a3a21af0b8d050012569879", "time_spent": 1444, "assigned_at": 1520169602.864, "feedback_date": 1521104536.619, "last_edited": 1520171104.647, "submitted_at": 1520171100.9750001, "handin": "5a973046ece60c006bb1c79f", "state": "ANSWERED", "_id": "5a9bf28285fe9300125edae8", "flagged": false, "giver": "5a952a05cb184b0010e396cf"}, {"assignment": "5a3a21af0b8d050012569879", "time_spent": 1057, "assigned_at": 1520171101.264, "feedback_date": 1521054944.763, "last_edited": 1520172235.572, "submitted_at": 1520172231.9160001, "handin": "5a9817843398400010a68d49", "state": "ANSWERED", "_id": "5a9bf85d4e61c2005961a506", "flagged": false, "giver": "5a952a05cb184b0010e396cf"}, {"assignment": "5a3a21af0b8d050012569879", "time_spent": 6486, "assigned_at": 1520178464.451, "feedback_date": 1522615096.696, "last_edited": 1520199445.831, "submitted_at": 1520199440.54, "handin": "5a9704a29e72380012c1b911", "state": "ANSWERED", "_id": "5a9c152085fe93000f83d120", "flagged": false, "giver": "5a96f3450cdd8c0011d8e30e"}, {"assignment": "5a3a21af0b8d050012569879", "time_spent": 13831, "assigned_at": 1520182441.695, "feedback_date": 1521062792.8500001, "last_edited": 1520197564.653, "submitted_at": 1520183357.984, "handin": "5a96f3bffbeb7f006ad56a41", "state": "ANSWERED", "_id": "5a9c24a974736c000f4e87b4", "flagged": false, "giver": "5a971172fbeb7f001017bdb0"}, {"assignment": "5a3a21af0b8d050012569879", "time_spent": 1254, "assigned_at": 1520183358.266, "feedback_date": 1521303655.126, "last_edited": 1520198229.055, "submitted_at": 1520184028.117, "handin": "5a96d34b96b455000ffabffa", "state": "ANSWERED", "_id": "5a9c283e8c60be0010c78cfc", "flagged": false, "giver": "5a971172fbeb7f001017bdb0"}, {"assignment": "5a3a21af0b8d050012569879", "time_spent": 386, "assigned_at": 1520184028.4160001, "feedback_date": 1521454822.751, "last_edited": 1520184466.477, "submitted_at": 1520184462.777, "handin": "5a9726c8fbeb7f0058760870", "state": "ANSWERED", "_id": "5a9c2adcb724360012241d52", "flagged": false, "giver": "5a971172fbeb7f001017bdb0"}, {"assignment": "5a3a21af0b8d050012569879", "time_spent": 1046, "assigned_at": 1520186664.265, "feedback_date": 1523217944.911, "last_edited": 1520187789.8960001, "submitted_at": 1520187786.319, "handin": "5a97179091362e00124d9da1", "state": "ANSWERED", "_id": "5a9c3528bec6cd0010aa4e71", "flagged": false, "giver": "5a947fd38bf2e50012c6b516"}, {"handin": "5a9732f096b455000fface38", "time_spent": 800, "state": "ANSWERED", "assigned_at": 1520187786.909, "submitted_at": 1520188631.341, "last_edited": 1520188634.9420002, "assignment": "5a3a21af0b8d050012569879", "_id": "5a9c398a8c60be000f8088fe", "flagged": false, "giver": "5a947fd38bf2e50012c6b516"}, {"assignment": "5a3a21af0b8d050012569879", "time_spent": 574, "assigned_at": 1520194945.051, "feedback_date": 1521117459.986, "last_edited": 1520195888.377, "submitted_at": 1520195863.02, "handin": "5a9718fe0cdd8c001026a279", "state": "ANSWERED", "_id": "5a9c5581bec6cd0010aa4f57", "flagged": false, "giver": "5a970a8396b45500104b1419"}, {"assignment": "5a3a21af0b8d050012569879", "time_spent": 5049, "assigned_at": 1520195782.175, "feedback_date": 1521659713.42, "last_edited": 1520200885.358, "submitted_at": 1520200882.348, "handin": "5a970a9ae2639500124d7e7e", "state": "ANSWERED", "_id": "5a9c58c6bec6cd0012b7a16d", "flagged": false, "giver": "5a97248d91362e005cac1151"}, {"assignment": "5a3a21af0b8d050012569879", "time_spent": 1099, "assigned_at": 1520195863.901, "feedback_date": 1520948041.368, "last_edited": 1520197260.591, "submitted_at": 1520197224.797, "handin": "5a97114791362e00124d9c89", "state": "ANSWERED", "_id": "5a9c591774736c001278598f", "flagged": false, "giver": "5a970a8396b45500104b1419"}, {"assignment": "5a3a21af0b8d050012569879", "handin": "5a971b1296b4550012309885", "state": "UNSTARTED", "assigned_at": 1520195926.124, "_id": "5a9c5956f55ca00012c8aed0", "flagged": false, "giver": "5a902285c13a6c0011644389"}, {"assignment": "5a3a21af0b8d050012569879", "time_spent": 524, "assigned_at": 1520197246.641, "feedback_date": 1521119404.524, "last_edited": 1520197864.604, "submitted_at": 1520197860.437, "handin": "5a971b6991362e005cac1057", "state": "ANSWERED", "_id": "5a9c5e7ee021a10059e776f5", "flagged": false, "giver": "5a970a8396b45500104b1419"}, {"assignment": "5a3a21af0b8d050012569879", "time_spent": 14732, "assigned_at": 1520200882.707, "feedback_date": 1521104908.856, "last_edited": 1520804650.534, "submitted_at": 1520804647.57, "handin": "5a973046ece60c006bb1c79f", "state": "ANSWERED", "_id": "5a9c6cb28c60be00115c4281", "flagged": false, "giver": "5a97248d91362e005cac1151"}, {"assignment": "5a3a21af0b8d050012569879", "time_spent": 1359, "assigned_at": 1520274628.2220001, "feedback_date": 1521054971.727, "last_edited": 1520276032.538, "submitted_at": 1520276029.534, "handin": "5a9817843398400010a68d49", "state": "ANSWERED", "_id": "5a9d8cc4d03f880011a6bfa3", "flagged": false, "giver": "5a96b116ece60c000fb34ee5"}, {"assignment": "5a3a21af0b8d050012569879", "time_spent": 1120, "assigned_at": 1520276029.724, "feedback_date": 1521063084.95, "last_edited": 1520277184.177, "submitted_at": 1520277180.642, "handin": "5a96f3bffbeb7f006ad56a41", "state": "ANSWERED", "_id": "5a9d923da2a1e4000f80f2ed", "flagged": false, "giver": "5a96b116ece60c000fb34ee5"}, {"assignment": "5a3a21af0b8d050012569879", "time_spent": 884, "assigned_at": 1520277180.878, "feedback_date": 1522615131.17, "last_edited": 1520278104.9980001, "submitted_at": 1520278095.608, "handin": "5a9704a29e72380012c1b911", "state": "ANSWERED", "_id": "5a9d96bcaace64010f83b56b", "flagged": false, "giver": "5a96b116ece60c000fb34ee5"}, {"assignment": "5a3a21af0b8d050012569879", "time_spent": 1902, "assigned_at": 1520629941.21, "feedback_date": 1521304038.625, "last_edited": 1520767339.966, "submitted_at": 1520767337.046, "handin": "5a96d34b96b455000ffabffa", "state": "ANSWERED", "_id": "5aa2f8b5d9d53c0011357231", "flagged": false, "giver": "5a96e13cfbeb7f0011e7318d"}, {"assignment": "5a3a21af0b8d050012569879", "time_spent": 1281, "assigned_at": 1520767337.621, "feedback_date": 1521454872.298, "last_edited": 1520773206.772, "submitted_at": 1520773203.011, "handin": "5a9726c8fbeb7f0058760870", "state": "ANSWERED", "_id": "5aa51169c5f978000fee5d13", "flagged": false, "giver": "5a96e13cfbeb7f0011e7318d"}, {"handin": "5a9732f096b455000fface38", "time_spent": 809, "state": "ANSWERED", "assigned_at": 1520773203.38, "submitted_at": 1520774089.6660001, "last_edited": 1520774093.366, "assignment": "5a3a21af0b8d050012569879", "_id": "5aa528532c2f6500123f39df", "flagged": false, "giver": "5a96e13cfbeb7f0011e7318d"}, {"assignment": "5a3a21af0b8d050012569879", "time_spent": 2862, "assigned_at": 1520804647.925, "feedback_date": 1523217952.121, "last_edited": 1520807552.261, "submitted_at": 1520807548.624, "handin": "5a97179091362e00124d9da1", "state": "ANSWERED", "_id": "5aa5a327c5ab88000f093329", "flagged": false, "giver": "5a97248d91362e005cac1151"}, {"assignment": "5a3a21af0b8d050012569879", "time_spent": 1581, "assigned_at": 1520844750.397, "feedback_date": 1521659750.2450001, "last_edited": 1520846660.073, "submitted_at": 1520846657.157, "handin": "5a970a9ae2639500124d7e7e", "state": "ANSWERED", "_id": "5aa63fce162730006cebdca4", "flagged": false, "giver": "5a9724a70cdd8c0059e56a3e"}, {"assignment": "5a3a21af0b8d050012569879", "time_spent": 2108, "assigned_at": 1520846657.517, "feedback_date": 1520948096.805, "last_edited": 1520852783.39, "submitted_at": 1520852779.759, "handin": "5a97114791362e00124d9c89", "state": "ANSWERED", "_id": "5aa647412507e5001174368d", "flagged": false, "giver": "5a9724a70cdd8c0059e56a3e"}, {"assignment": "5a3a21af0b8d050012569879", "time_spent": 1993, "assigned_at": 1520852780.043, "feedback_date": 1521117621.533, "last_edited": 1520854847.944, "submitted_at": 1520854843.562, "handin": "5a9718fe0cdd8c001026a279", "state": "ANSWERED", "_id": "5aa65f2c65bd07000f452903", "flagged": false, "giver": "5a9724a70cdd8c0059e56a3e"}, {"assignment": "5a3a21af0b8d050012569879", "time_spent": 10243, "assigned_at": 1520857317.398, "feedback_date": 1521056826.607, "last_edited": 1520884573.683, "submitted_at": 1520884570.66, "handin": "5a971b1296b4550012309885", "state": "ANSWERED", "_id": "5aa670e52a10d7000f1e63f8", "flagged": false, "giver": "5a9732d3e26395005bc29d34"}, {"assignment": "5a3a21af0b8d050012569879", "time_spent": 1478, "assigned_at": 1520884571.013, "feedback_date": 1521119419.391, "last_edited": 1520886086.182, "submitted_at": 1520886082.371, "handin": "5a971b6991362e005cac1057", "state": "ANSWERED", "_id": "5aa6db5a965e4500ec3473a2", "flagged": false, "giver": "5a9732d3e26395005bc29d34"}, {"assignment": "5a3a21af0b8d050012569879", "time_spent": 1006, "assigned_at": 1520886082.659, "feedback_date": 1521108122.772, "last_edited": 1520887122.285, "submitted_at": 1520887118.757, "handin": "5a973046ece60c006bb1c79f", "state": "ANSWERED", "_id": "5aa6e1422ad3dc00ca20e926", "flagged": false, "giver": "5a9732d3e26395005bc29d34"}, {"assignment": "5a3a21af0b8d050012569879", "time_spent": 1360, "assigned_at": 1520887470.923, "feedback_date": 1521054998.519, "last_edited": 1520888909.932, "submitted_at": 1520888906.443, "handin": "5a9817843398400010a68d49", "state": "ANSWERED", "_id": "5aa6e6ae965e4500efeb5f3e", "flagged": false, "giver": "5a96f345fbeb7f001256ad62"}, {"assignment": "5a3a21af0b8d050012569879", "time_spent": 1641, "assigned_at": 1520887601.02, "feedback_date": 1522615166.458, "last_edited": 1520889311.785, "submitted_at": 1520889308.3930001, "handin": "5a9704a29e72380012c1b911", "state": "ANSWERED", "_id": "5aa6e731650b6800a3549d37", "flagged": false, "giver": "5a971302fbeb7f001017be06"}, {"assignment": "5a3a21af0b8d050012569879", "time_spent": 1119, "assigned_at": 1520889308.716, "feedback_date": 1521304196.483, "last_edited": 1520890485.488, "submitted_at": 1520890481.978, "handin": "5a96d34b96b455000ffabffa", "state": "ANSWERED", "_id": "5aa6eddcd356230179ddd059", "flagged": false, "giver": "5a971302fbeb7f001017be06"}, {"assignment": "5a3a21af0b8d050012569879", "time_spent": 1608, "assigned_at": 1520890482.219, "feedback_date": 1521063219.469, "last_edited": 1520892154.572, "submitted_at": 1520892147.15, "handin": "5a96f3bffbeb7f006ad56a41", "state": "ANSWERED", "_id": "5aa6f272965e4500efeb601b", "flagged": false, "giver": "5a971302fbeb7f001017be06"}, {"assignment": "5a3a21b00b8d050012569897", "time_spent": 393, "assigned_at": 1522941152.387, "feedback_date": 1523280698.184, "last_edited": 1522941558.313, "submitted_at": 1522941558.313, "handin": "5ac2b5f34a352f0058d71bae", "state": "ANSWERED", "_id": "5ac63ce054fbea000fc82394", "flagged": false, "giver": "5a8ec28f0e7c2a000fe80992"}, {"assignment": "5a3a21b00b8d050012569897", "time_spent": 456, "assigned_at": 1522941558.509, "feedback_date": 1523225111.948, "last_edited": 1522942034.9490001, "submitted_at": 1522941997.9950001, "handin": "5ac4f1f923e7fa000f4d47e9", "state": "ANSWERED", "_id": "5ac63e760ee9ef0012c2cbeb", "flagged": false, "giver": "5a8ec28f0e7c2a000fe80992"}, {"assignment": "5a3a21b00b8d050012569897", "time_spent": 2130, "assigned_at": 1522965541.734, "feedback_date": 1523272468.667, "last_edited": 1522967723.489, "submitted_at": 1522967723.489, "handin": "5ac51d2879702400111e9eea", "state": "ANSWERED", "_id": "5ac69c258921160012b89d20", "flagged": false, "giver": "5a96f345fbeb7f001256ad62"}, {"assignment": "5a3a21b00b8d050012569897", "time_spent": 1233, "assigned_at": 1522967723.6920002, "feedback_date": 1523281259.07, "last_edited": 1522968994.69, "submitted_at": 1522968991.621, "handin": "5ac528b20f32790012858c20", "state": "ANSWERED", "_id": "5ac6a4abbf6964001087592c", "flagged": false, "giver": "5a96f345fbeb7f001256ad62"}, {"assignment": "5a3a21b00b8d050012569897", "time_spent": 1664, "assigned_at": 1522998469.803, "feedback_date": 1523265200.441, "last_edited": 1523000183.535, "submitted_at": 1523000183.535, "handin": "5ac53060826376001175aa83", "state": "ANSWERED", "_id": "5ac71cc5f646710010918e1b", "flagged": false, "giver": "5a9724a70cdd8c0059e56a3e"}, {"handin": "5ac53576826376000f976f6e", "time_spent": 1339, "state": "ANSWERED", "assigned_at": 1523000183.884, "submitted_at": 1523001548.8370001, "last_edited": 1523001558.377, "assignment": "5a3a21b00b8d050012569897", "_id": "5ac7237763804c0058a267d6", "flagged": false, "giver": "5a9724a70cdd8c0059e56a3e"}, {"assignment": "5a3a21b00b8d050012569897", "time_spent": 1892, "assigned_at": 1523056164.519, "feedback_date": 1523822359.355, "last_edited": 1523058090.584, "submitted_at": 1523058087.569, "handin": "5ac537c48263760010e07893", "state": "ANSWERED", "_id": "5ac7fe24ce4dc60010593d94", "flagged": false, "giver": "5a969ac21b83a20010b485c9"}, {"assignment": "5a3a21b00b8d050012569897", "time_spent": 2279, "assigned_at": 1523058087.851, "feedback_date": 1523227026.273, "last_edited": 1523220682.5870001, "submitted_at": 1523220682.5870001, "handin": "5ac53f3023e7fa000f4d4b8c", "state": "ANSWERED", "_id": "5ac805a7eb1ca80010413682", "flagged": false, "giver": "5a969ac21b83a20010b485c9"}, {"handin": "5ac542b635b63e000fd4ea56", "time_spent": 2110, "state": "ANSWERED", "assigned_at": 1523084811.286, "submitted_at": 1523087210.865, "last_edited": 1523087210.865, "assignment": "5a3a21b00b8d050012569897", "_id": "5ac86e0beb1ca80011aa8c42", "flagged": false, "giver": "5a96d2420cdd8c0012d652ef"}, {"handin": "5ac549ef904fd20010474043", "state": "PROBLEMATIC", "assigned_at": 1523087211.152, "problematic_reason": "COULD_NOT_OPEN", "assignment": "5a3a21b00b8d050012569897", "_id": "5ac8776b2525940011154c26", "flagged": false, "giver": "5a96d2420cdd8c0012d652ef"}, {"handin": "5ac54a14826376001175aaff", "time_spent": 3010, "state": "ANSWERED", "assigned_at": 1523087263.499, "submitted_at": 1523090298.2710001, "last_edited": 1523090301.266, "assignment": "5a3a21b00b8d050012569897", "_id": "5ac8779f46df40001032c193", "flagged": false, "giver": "5a96d2420cdd8c0012d652ef"}, {"assignment": "5a3a21b00b8d050012569897", "time_spent": 3353, "assigned_at": 1523103976.459, "feedback_date": 1523276814.959, "last_edited": 1523107359.468, "submitted_at": 1523107356.418, "handin": "5ac549ef904fd20010474043", "state": "ANSWERED", "_id": "5ac8b8e84027ad0010a834e3", "flagged": false, "giver": "5a971999e26395006ebf8bde"}, {"assignment": "5a3a21b00b8d050012569897", "time_spent": 3675, "assigned_at": 1523107356.687, "feedback_date": 1523225178.945, "last_edited": 1523111055.843, "submitted_at": 1523111052.854, "handin": "5ac5409feff46b0011c59326", "state": "ANSWERED", "_id": "5ac8c61cb36d8900114a5486", "flagged": false, "giver": "5a971999e26395006ebf8bde"}, {"handin": "5ac54252fed691001057d78a", "state": "PROBLEMATIC", "assigned_at": 1523118746.649, "problematic_other_reason": "When i download the file, it downloads as a text file", "problematic_reason": "OTHER", "assignment": "5a3a21b00b8d050012569897", "_id": "5ac8f29a48ee7900120ad144", "flagged": false, "giver": "5a96f3450cdd8c0011d8e30e"}, {"assignment": "5a3a21b00b8d050012569897", "time_spent": 3318, "assigned_at": 1523119074.398, "feedback_date": 1523280767.7580001, "last_edited": 1523122442.971, "submitted_at": 1523122440.102, "handin": "5ac2b5f34a352f0058d71bae", "state": "ANSWERED", "_id": "5ac8f3e240d2c1001152a7c0", "flagged": false, "giver": "5a96f3450cdd8c0011d8e30e"}, {"assignment": "5a3a21b00b8d050012569897", "time_spent": 2490, "assigned_at": 1523122440.287, "feedback_date": 1523225230.426, "last_edited": 1523124977.318, "submitted_at": 1523124977.318, "handin": "5ac4f1f923e7fa000f4d47e9", "state": "ANSWERED", "_id": "5ac90108b36d8900127c31ab", "flagged": false, "giver": "5a96f3450cdd8c0011d8e30e"}, {"assignment": "5a3a21b00b8d050012569897", "handin": "5ac54a7f23e7fa000f4d4bb1", "state": "UNSTARTED", "assigned_at": 1523130871.921, "_id": "5ac921f7d700840011591dbf", "flagged": false, "giver": "5a97248d91362e005cac1151"}, {"assignment": "5a3a21b00b8d050012569897", "time_spent": 1397, "assigned_at": 1523131052.8500001, "feedback_date": 1523348223.734, "last_edited": 1523221579.787, "submitted_at": 1523221579.787, "handin": "5ac54252fed691001057d78a", "state": "ANSWERED", "_id": "5ac922acecf4690010bff1f4", "flagged": false, "giver": "5a971302fbeb7f001017be06"}, {"assignment": "5a3a21b00b8d050012569897", "time_spent": 1661, "assigned_at": 1523141496.501, "feedback_date": 1523364498.287, "last_edited": 1523143189.418, "submitted_at": 1523143186.517, "handin": "5ac51d2879702400111e9eea", "state": "ANSWERED", "_id": "5ac94b7899d4fc0011bb0a0c", "flagged": false, "giver": "5a902285c13a6c0011644389"}, {"handin": "5ac53576826376000f976f6e", "time_spent": 782, "state": "ANSWERED", "assigned_at": 1523143186.749, "submitted_at": 1523143978.445, "last_edited": 1523143993.8600001, "assignment": "5a3a21b00b8d050012569897", "_id": "5ac952124d29350010c212e1", "flagged": false, "giver": "5a902285c13a6c0011644389"}, {"assignment": "5a3a21b00b8d050012569897", "time_spent": 778, "assigned_at": 1523143811.375, "feedback_date": 1523227083.001, "last_edited": 1523144630.014, "submitted_at": 1523144627.19, "handin": "5ac53f3023e7fa000f4d4b8c", "state": "ANSWERED", "_id": "5ac954830bb321001076de1e", "flagged": false, "giver": "5a971172fbeb7f001017bdb0"}, {"handin": "5ac542b635b63e000fd4ea56", "time_spent": 390, "state": "ANSWERED", "assigned_at": 1523144628.473, "submitted_at": 1523145047.904, "last_edited": 1523145049.642, "assignment": "5a3a21b00b8d050012569897", "_id": "5ac957b4ecf4690010bff2f1", "flagged": false, "giver": "5a971172fbeb7f001017bdb0"}, {"assignment": "5a3a21b00b8d050012569897", "time_spent": 784, "assigned_at": 1523177430.55, "feedback_date": 1523276904.609, "last_edited": 1523178241.17, "submitted_at": 1523178241.17, "handin": "5ac549ef904fd20010474043", "state": "ANSWERED", "_id": "5ac9d7d699d4fc0058b7a6f8", "flagged": false, "giver": "5a96b116ece60c000fb34ee5"}, {"handin": "5ac54a14826376001175aaff", "time_spent": 585, "state": "ANSWERED", "assigned_at": 1523178241.655, "submitted_at": 1523181303.447, "last_edited": 1523181304.552, "assignment": "5a3a21b00b8d050012569897", "_id": "5ac9db015f90bd001068df24", "flagged": false, "giver": "5a96b116ece60c000fb34ee5"}, {"handin": "5ac537c48263760010e07893", "time_spent": 14233, "state": "ANSWERED", "assigned_at": 1523181143.215, "submitted_at": 1523195411.93, "last_edited": 1523195411.93, "assignment": "5a3a21b00b8d050012569897", "_id": "5ac9e6574d293500124406b9", "flagged": false, "giver": "5a952a05cb184b0010e396cf"}, {"assignment": "5a3a21b00b8d050012569897", "time_spent": 711, "assigned_at": 1523182651.823, "feedback_date": 1523225223.469, "last_edited": 1523222274.01, "submitted_at": 1523222271.029, "handin": "5ac5409feff46b0011c59326", "state": "ANSWERED", "_id": "5ac9ec3bd700840011591edc", "flagged": false, "giver": "5a947fd38bf2e50012c6b516"}, {"handin": "5ac53060826376001175aa83", "state": "PROBLEMATIC", "assigned_at": 1523182914.488, "problematic_reason": "COULD_NOT_OPEN", "assignment": "5a3a21b00b8d050012569897", "_id": "5ac9ed42d70084000f5d841f", "flagged": false, "giver": "5a96f40b0cdd8c000fd85969"}, {"assignment": "5a3a21b00b8d050012569897", "time_spent": 1277, "assigned_at": 1523182962.82, "feedback_date": 1523311701.418, "last_edited": 1523184271.7350001, "submitted_at": 1523184271.7350001, "handin": "5ac54a7f23e7fa000f4d4bb1", "state": "ANSWERED", "_id": "5ac9ed7240d2c10057e711c6", "flagged": false, "giver": "5a96ce6cefb5dc000fa50977"}, {"handin": "5ac54252fed691001057d78a", "state": "PROBLEMATIC", "assigned_at": 1523183086.826, "problematic_reason": "COULD_NOT_OPEN", "assignment": "5a3a21b00b8d050012569897", "_id": "5ac9edee4d2935001137ce4c", "flagged": false, "giver": "5a96f40b0cdd8c000fd85969"}, {"assignment": "5a3a21b00b8d050012569897", "time_spent": 281, "assigned_at": 1523184272.366, "feedback_date": 1523406721.3270001, "last_edited": 1523184579.013, "submitted_at": 1523184579.013, "handin": "5ac53060826376001175aa83", "state": "ANSWERED", "_id": "5ac9f2904027ad005a2bc7ba", "flagged": false, "giver": "5a96ce6cefb5dc000fa50977"}, {"assignment": "5a3a21b00b8d050012569897", "time_spent": 593, "assigned_at": 1523186465.144, "feedback_date": 1523281300.69, "last_edited": 1523187107.3170002, "submitted_at": 1523187107.3170002, "handin": "5ac528b20f32790012858c20", "state": "ANSWERED", "_id": "5ac9fb214d29350057250acf", "flagged": false, "giver": "5a97bc59fbeb7f007db46d3d"}, {"handin": "5ac53576826376000f976f6e", "time_spent": 194, "state": "ANSWERED", "assigned_at": 1523187107.895, "submitted_at": 1523187323.417, "last_edited": 1523187326.889, "assignment": "5a3a21b00b8d050012569897", "_id": "5ac9fda34d29350057250adb", "flagged": false, "giver": "5a97bc59fbeb7f007db46d3d"}, {"assignment": "5a3a21b00b8d050012569897", "time_spent": 2287, "assigned_at": 1523195412.683, "feedback_date": 1523227111.979, "last_edited": 1523197735.652, "submitted_at": 1523197732.407, "handin": "5ac53f3023e7fa000f4d4b8c", "state": "ANSWERED", "_id": "5aca1e14dbd5cf00103c3b35", "flagged": false, "giver": "5a952a05cb184b0010e396cf"}, {"handin": "5ac549ef904fd20010474043", "state": "PROBLEMATIC", "assigned_at": 1523195956.7580001, "problematic_reason": "COULD_NOT_OPEN", "assignment": "5a3a21b00b8d050012569897", "_id": "5aca2034ed7fca00116511ee", "flagged": false, "giver": "5a96d2eb0cdd8c000fd85484"}, {"handin": "5ac54a14826376001175aaff", "time_spent": 4967, "state": "ANSWERED", "assigned_at": 1523196003.227, "submitted_at": 1523201007.697, "last_edited": 1523201007.697, "assignment": "5a3a21b00b8d050012569897", "_id": "5aca206387c8a50012672b5c", "flagged": false, "giver": "5a96d2eb0cdd8c000fd85484"}, {"assignment": "5a3a21b00b8d050012569897", "time_spent": 1510, "assigned_at": 1523196705.247, "feedback_date": 1523276995.5210001, "last_edited": 1523199041.401, "submitted_at": 1523198605.193, "handin": "5ac549ef904fd20010474043", "state": "ANSWERED", "_id": "5aca23211ba65a0012557ac3", "flagged": false, "giver": "5a970a6996b455000ffac915"}, {"assignment": "5a3a21b00b8d050012569897", "time_spent": 2066, "assigned_at": 1523196721.219, "feedback_date": 1523364679.059, "last_edited": 1523198833.629, "submitted_at": 1523198830.332, "handin": "5ac51d2879702400111e9eea", "state": "ANSWERED", "_id": "5aca23311ba65a000fd9b390", "flagged": false, "giver": "5a97235a96b455000ffacd04"}, {"handin": "5ac537c48263760010e07893", "state": "PROBLEMATIC", "assigned_at": 1523197082.913, "problematic_reason": "COULD_NOT_OPEN", "assignment": "5a3a21b00b8d050012569897", "_id": "5aca249a965a3b0011c7751b", "flagged": false, "giver": "5a96f40b0cdd8c000fd85969"}, {"handin": "5ac542b635b63e000fd4ea56", "time_spent": 285, "state": "ANSWERED", "assigned_at": 1523197231.307, "submitted_at": 1523213175.274, "last_edited": 1523213175.274, "assignment": "5a3a21b00b8d050012569897", "_id": "5aca252f5ece4d000f4c56a7", "flagged": false, "giver": "5a96f40b0cdd8c000fd85969"}, {"problematic_other_reason": "The downloaded file is a text file, so all of the plots were just big masses of text. I can't really give good feedback. This also happened to the first submission, but I thought it was their mistake. I think the problem may be on my end though, since this is the second file in a row to be downloaded as a .txt.  If it wasn't a mistake and it was actually submitted as a .txt, I can still review it to the best of my ability", "assignment": "5a3a21b00b8d050012569897", "time_spent": 362, "assigned_at": 1523198605.624, "last_edited": 1523198973.677, "handin": "5ac54252fed691001057d78a", "state": "PROBLEMATIC", "problematic_reason": "OTHER", "_id": "5aca2a8d1ba65a0012557b0f", "flagged": false, "giver": "5a970a6996b455000ffac915"}, {"handin": "5ac537c48263760010e07893", "time_spent": 1134, "state": "ANSWERED", "assigned_at": 1523198830.892, "submitted_at": 1523200004.915, "last_edited": 1523200004.915, "assignment": "5a3a21b00b8d050012569897", "_id": "5aca2b6e5ece4d000f4c56c3", "flagged": false, "giver": "5a97235a96b455000ffacd04"}, {"assignment": "5a3a21b00b8d050012569897", "time_spent": 1509, "assigned_at": 1523199142.124, "feedback_date": 1523311979.665, "last_edited": 1523200680.309, "submitted_at": 1523200680.309, "handin": "5ac54a7f23e7fa000f4d4bb1", "state": "ANSWERED", "_id": "5aca2ca69fb335000f127271", "flagged": false, "giver": "5a970a6996b455000ffac915"}, {"assignment": "5a3a21b00b8d050012569897", "time_spent": 1821, "assigned_at": 1523201008.288, "feedback_date": 1523225282.341, "last_edited": 1523202875.769, "submitted_at": 1523202872.793, "handin": "5ac5409feff46b0011c59326", "state": "ANSWERED", "_id": "5aca33f06c1142000fab186b", "flagged": false, "giver": "5a96d2eb0cdd8c000fd85484"}, {"handin": "5ac4f1f923e7fa000f4d47e9", "state": "PROBLEMATIC", "assigned_at": 1523204285.683, "problematic_reason": "COULD_NOT_OPEN", "assignment": "5a3a21b00b8d050012569897", "_id": "5aca40bd23027b0012afb6a7", "flagged": false, "giver": "5a96f6dcfbeb7f001017ba31"}, {"assignment": "5a3a21b00b8d050012569897", "time_spent": 985, "assigned_at": 1523204431.422, "feedback_date": 1523280822.32, "last_edited": 1523205567.935, "submitted_at": 1523205564.986, "handin": "5ac2b5f34a352f0058d71bae", "state": "ANSWERED", "_id": "5aca414f5ece4d0011bd8609", "flagged": false, "giver": "5a96f6dcfbeb7f001017ba31"}, {"assignment": "5a3a21b00b8d050012569897", "time_spent": 10578, "assigned_at": 1523205177.447, "feedback_date": 1523225440.473, "last_edited": 1523215842.732, "submitted_at": 1523215842.732, "handin": "5ac4f1f923e7fa000f4d47e9", "state": "ANSWERED", "_id": "5aca4439dbd5cf000ffbe1aa", "flagged": false, "giver": "5a96f34d96b455000ffac55c"}, {"assignment": "5a3a21b00b8d050012569897", "time_spent": 707, "assigned_at": 1523205565.423, "feedback_date": 1523281333.506, "last_edited": 1523206329.42, "submitted_at": 1523206326.81, "handin": "5ac528b20f32790012858c20", "state": "ANSWERED", "_id": "5aca45bd87c8a500103e757b", "flagged": false, "giver": "5a96f6dcfbeb7f001017ba31"}, {"handin": "5ac53060826376001175aa83", "state": "PROBLEMATIC", "assigned_at": 1523212393.888, "problematic_reason": "COULD_NOT_OPEN", "assignment": "5a3a21b00b8d050012569897", "_id": "5aca60699fb3350010dec516", "flagged": false, "giver": "5a952f471947d4001140a578"}, {"handin": "5ac549ef904fd20010474043", "state": "PROBLEMATIC", "assigned_at": 1523212417.968, "problematic_reason": "WRONG_ASSIGNMENT", "assignment": "5a3a21b00b8d050012569897", "_id": "5aca60811ba65a0012557c0d", "flagged": false, "giver": "5a952f471947d4001140a578"}, {"handin": "5ac54a14826376001175aaff", "time_spent": 549, "state": "ANSWERED", "assigned_at": 1523212433.993, "submitted_at": 1523213010.2, "last_edited": 1523213013.219, "assignment": "5a3a21b00b8d050012569897", "_id": "5aca60915ece4d0011bd866f", "flagged": false, "giver": "5a952f471947d4001140a578"}, {"assignment": "5a3a21b00b8d050012569897", "time_spent": 1003, "assigned_at": 1523213010.813, "feedback_date": 1523364723.852, "last_edited": 1523214040.413, "submitted_at": 1523214040.413, "handin": "5ac51d2879702400111e9eea", "state": "ANSWERED", "_id": "5aca62d29fb3350011f3ea2a", "flagged": false, "giver": "5a952f471947d4001140a578"}, {"handin": "5ac53576826376000f976f6e", "time_spent": 244, "state": "ANSWERED", "assigned_at": 1523213175.751, "submitted_at": 1523213434.392, "last_edited": 1523213437.647, "assignment": "5a3a21b00b8d050012569897", "_id": "5aca63776fc1d6001235f02a", "flagged": false, "giver": "5a96f40b0cdd8c000fd85969"}, {"assignment": "5a3a21b00b8d050012569897", "time_spent": 1606, "assigned_at": 1523215843.46, "feedback_date": 1523407598.459, "last_edited": 1523217496.632, "submitted_at": 1523217488.243, "handin": "5ac53060826376001175aa83", "state": "ANSWERED", "_id": "5aca6de36fc1d6006d5a1c56", "flagged": false, "giver": "5a96f34d96b455000ffac55c"}, {"handin": "5ac537c48263760010e07893", "time_spent": 520, "state": "ANSWERED", "assigned_at": 1523219688.174, "submitted_at": 1523220233.058, "last_edited": 1523220236.042, "assignment": "5a3a21b00b8d050012569897", "_id": "5aca7ce81ba65a006b970451", "flagged": false, "giver": "5a96b13f0cdd8c000fd8505b"}, {"assignment": "5a3a21b00b8d050012569897", "time_spent": 369, "assigned_at": 1523220233.408, "feedback_date": 1523225522.799, "last_edited": 1523220630.473, "submitted_at": 1523220630.473, "handin": "5ac4f1f923e7fa000f4d47e9", "state": "ANSWERED", "_id": "5aca7f091ba65a006b970464", "flagged": false, "giver": "5a96b13f0cdd8c000fd8505b"}, {"assignment": "5a3a21b00b8d050012569897", "time_spent": 422, "assigned_at": 1523221580.423, "feedback_date": 1523281003.151, "last_edited": 1523222036.859, "submitted_at": 1523222031.412, "handin": "5ac2b5f34a352f0058d71bae", "state": "ANSWERED", "_id": "5aca844c63b0f40010cfc5eb", "flagged": false, "giver": "5a971302fbeb7f001017be06"}, {"assignment": "5a3a21b00b8d050012569897", "time_spent": 502, "assigned_at": 1523222271.555, "feedback_date": 1523281362.1990001, "last_edited": 1523222809.046, "submitted_at": 1523222809.046, "handin": "5ac528b20f32790012858c20", "state": "ANSWERED", "_id": "5aca86ff63b0f40093f4218e", "flagged": false, "giver": "5a947fd38bf2e50012c6b516"}, {"handin": "5a9721bcfbeb7f001017c05a", "time_spent": 547, "state": "DRAFT", "last_edited": 1523742121.6330001, "assignment": "5a3a21af0b8d050012569879", "_id": "5ad2736fec054e000f5da314", "flagged": false, "giver": "57c2a2f4865114000f9424a1"}, {"handin": "5ac54252fed691001057d78a", "time_spent": 1008, "state": "ANSWERED", "last_edited": 1523777110.303, "submitted_at": 1523777110.303, "assignment": "5a3a21b00b8d050012569897", "_id": "5ad2fa353d8b3a0012f38c83", "flagged": false, "giver": "57c2a2f4865114000f9424a1"}, {"handin": "5ac53f3023e7fa000f4d4b8c", "time_spent": 591, "state": "ANSWERED", "assigned_at": 1523777110.682, "submitted_at": 1523950625.38, "last_edited": 1523950625.38, "assignment": "5a3a21b00b8d050012569897", "_id": "5ad2fe56d065a00010d75d95", "flagged": false, "giver": "57c2a2f4865114000f9424a1"}, {"handin": "5ac4f1f923e7fa000f4d47e9", "time_spent": 56679, "state": "ANSWERED", "last_edited": 1523944398.4750001, "submitted_at": 1523944395.02, "assignment": "5a3a21b00b8d050012569897", "_id": "5ad4b1386d1ef90012be0229", "flagged": false, "giver": "57c2a2f4865114000f9424a1"}, {"handin": "5ac2b5f34a352f0058d71bae", "time_spent": 996, "state": "ANSWERED", "last_edited": 1523945751.165, "submitted_at": 1523945751.165, "assignment": "5a3a21b00b8d050012569897", "_id": "5ad58d13bf6f91000ff002a7", "flagged": false, "giver": "57c2a2f4865114000f9424a1"}, {"handin": "5ac528b20f32790012858c20", "time_spent": 800, "state": "ANSWERED", "last_edited": 1523946714.296, "submitted_at": 1523946714.296, "assignment": "5a3a21b00b8d050012569897", "_id": "5ad591973a36670011b1c2e4", "flagged": false, "giver": "57c2a2f4865114000f9424a1"}, {"handin": "5ac53576826376000f976f6e", "time_spent": 416, "state": "ANSWERED", "last_edited": 1523947251.63, "submitted_at": 1523947251.63, "assignment": "5a3a21b00b8d050012569897", "_id": "5ad594fde836b50012a313da", "flagged": false, "giver": "57c2a2f4865114000f9424a1"}, {"handin": "5ac537c48263760010e07893", "time_spent": 725, "state": "ANSWERED", "last_edited": 1523948105.822, "submitted_at": 1523948105.822, "assignment": "5a3a21b00b8d050012569897", "_id": "5ad5975e9270b6001023a722", "flagged": false, "giver": "57c2a2f4865114000f9424a1"}, {"handin": "5ac5409feff46b0011c59326", "time_spent": 822, "state": "ANSWERED", "last_edited": 1523949038.717, "submitted_at": 1523949038.717, "assignment": "5a3a21b00b8d050012569897", "_id": "5ad59a99bf6f910012dd904d", "flagged": false, "giver": "57c2a2f4865114000f9424a1"}, {"handin": "5ac542b635b63e000fd4ea56", "time_spent": 796, "state": "ANSWERED", "last_edited": 1523949939.895, "submitted_at": 1523949939.895, "assignment": "5a3a21b00b8d050012569897", "_id": "5ad59e42afbc080058e6a050", "flagged": false, "giver": "57c2a2f4865114000f9424a1"}]