[
{
  "_id": ObjectId("5a987609a61315005804dd1d"),
  "giver": ObjectId("5a96f6dcfbeb7f001017ba31"),
  "assignment": ObjectId("5a3a21af0b8d050012569879"),
  "flagged": false,
  "state": "ANSWERED",
  "handin": ObjectId("5a96d34b96b455000ffabffa"),
  "assigned_at": new Date(1519941129746),
  "last_edited": new Date(1519945036771),
  "time_spent": 3684,
  "submitted_at": new Date(1519945033688),
  "feedback_date": new Date(1520946230974)
},
{
  "_id": ObjectId("5a9879153e4d6200103e5362"),
  "giver": ObjectId("5a969ac21b83a20010b485c9"),
  "assignment": ObjectId("5a3a21af0b8d050012569879"),
  "flagged": false,
  "state": "ANSWERED",
  "assigned_at": new Date(1519941909463),
  "handin": ObjectId("5a96f3bffbeb7f006ad56a41"),
  "time_spent": 2893,
  "last_edited": new Date(1520120759562),
  "submitted_at": new Date(1520024529528),
  "feedback_date": new Date(1521062293124)
},
{
  "_id": ObjectId("5a988549900bbf0010565849"),
  "giver": ObjectId("5a96f6dcfbeb7f001017ba31"),
  "assignment": ObjectId("5a3a21af0b8d050012569879"),
  "flagged": false,
  "state": "ANSWERED",
  "assigned_at": new Date(1519945033923),
  "handin": ObjectId("5a970a9ae2639500124d7e7e"),
  "time_spent": 1687,
  "last_edited": new Date(1519946793818),
  "submitted_at": new Date(1519946790803),
  "feedback_date": new Date(1520896074776)
},
{
  "_id": ObjectId("5a988c263e4d62000f6af165"),
  "giver": ObjectId("5a96f6dcfbeb7f001017ba31"),
  "assignment": ObjectId("5a3a21af0b8d050012569879"),
  "flagged": false,
  "state": "ANSWERED",
  "assigned_at": new Date(1519946790971),
  "handin": ObjectId("5a97114791362e00124d9c89"),
  "last_edited": new Date(1520022825094),
  "time_spent": 1576,
  "submitted_at": new Date(1520022821612),
  "feedback_date": new Date(1520947583259)
},
{
  "_id": ObjectId("5a992776dcbe930011b98d70"),
  "giver": ObjectId("5a952f471947d4001140a578"),
  "assignment": ObjectId("5a3a21af0b8d050012569879"),
  "flagged": false,
  "state": "ANSWERED",
  "assigned_at": new Date(1519986550598),
  "handin": ObjectId("5a97179091362e00124d9da1"),
  "last_edited": new Date(1520008299820),
  "time_spent": 1982,
  "submitted_at": new Date(1520008296728),
  "feedback_date": new Date(1523217914543)
},
{
  "_id": ObjectId("5a9959aca6cf9b000f0ee1e1"),
  "giver": ObjectId("5a96f3450cdd8c0011d8e30e"),
  "assignment": ObjectId("5a3a21af0b8d050012569879"),
  "flagged": false,
  "state": "ANSWERED",
  "assigned_at": new Date(1519999404638),
  "handin": ObjectId("5a9718fe0cdd8c001026a279"),
  "last_edited": new Date(1520199965429),
  "time_spent": 4746,
  "submitted_at": new Date(1520101977037),
  "feedback_date": new Date(1521114701820)
},
{
  "_id": ObjectId("5a9969b4d05e7000127c724e"),
  "giver": ObjectId("5a96d308ece60c000fb354c5"),
  "assignment": ObjectId("5a3a21af0b8d050012569879"),
  "flagged": false,
  "state": "ANSWERED",
  "assigned_at": new Date(1520003508843),
  "handin": ObjectId("5a971b1296b4550012309885"),
  "last_edited": new Date(1520005366345),
  "time_spent": 1801,
  "submitted_at": new Date(1520005363449),
  "feedback_date": new Date(1521056550453)
},
{
  "_id": ObjectId("5a9970f37bdebd000f3de9e6"),
  "giver": ObjectId("5a96d308ece60c000fb354c5"),
  "assignment": ObjectId("5a3a21af0b8d050012569879"),
  "flagged": false,
  "state": "ANSWERED",
  "assigned_at": new Date(1520005363679),
  "handin": ObjectId("5a971b6991362e005cac1057"),
  "last_edited": new Date(1520015297334),
  "time_spent": 2065,
  "submitted_at": new Date(1520015293356),
  "feedback_date": new Date(1521119155394)
},
{
  "_id": ObjectId("5a997589a6cf9b001122395e"),
  "giver": ObjectId("5a96d2eb0cdd8c000fd85484"),
  "assignment": ObjectId("5a3a21af0b8d050012569879"),
  "flagged": false,
  "state": "PROBLEMATIC",
  "assigned_at": new Date(1520006537264),
  "handin": ObjectId("5a9721bcfbeb7f001017c05a"),
  "problematic_reason": "OTHER",
  "problematic_other_reason": "It makes me download a text file, and I don't know how to transfer it to python or jupyter notebook."
},
{
  "_id": ObjectId("5a9976c3e404150010498bc3"),
  "giver": ObjectId("5a96d2eb0cdd8c000fd85484"),
  "assignment": ObjectId("5a3a21af0b8d050012569879"),
  "flagged": false,
  "state": "PROBLEMATIC",
  "handin": ObjectId("5a972511ece60c001286df5d"),
  "assigned_at": new Date(1520006851805),
  "problematic_reason": "OTHER",
  "problematic_other_reason": "I can only download the assignment as a .txt file so I don't know how to review it on jupyter notebook."
},
{
  "_id": ObjectId("5a997750d970f100105f2655"),
  "giver": ObjectId("5a96d2420cdd8c0012d652ef"),
  "assignment": ObjectId("5a3a21af0b8d050012569879"),
  "flagged": false,
  "state": "PROBLEMATIC",
  "assigned_at": new Date(1520006992131),
  "handin": ObjectId("5a9721bcfbeb7f001017c05a"),
  "problematic_reason": "WRONG_LANGUAGE"
},
{
  "_id": ObjectId("5a997c690e3766001272b6d4"),
  "giver": ObjectId("5a952f471947d4001140a578"),
  "assignment": ObjectId("5a3a21af0b8d050012569879"),
  "flagged": false,
  "state": "ANSWERED",
  "assigned_at": new Date(1520008297335),
  "handin": ObjectId("5a9726c8fbeb7f0058760870"),
  "time_spent": 634,
  "last_edited": new Date(1520008961651),
  "submitted_at": new Date(1520008958135),
  "feedback_date": new Date(1521454668424)
},
{
  "_id": ObjectId("5a997efecbdafe001189f965"),
  "giver": ObjectId("5a952f471947d4001140a578"),
  "assignment": ObjectId("5a3a21af0b8d050012569879"),
  "flagged": false,
  "state": "ANSWERED",
  "handin": ObjectId("5a9732f096b455000fface38"),
  "assigned_at": new Date(1520008958311),
  "last_edited": new Date(1520078829349),
  "time_spent": 69842,
  "submitted_at": new Date(1520078825641)
},
{
  "_id": ObjectId("5a9997bd0e37660011a64424"),
  "giver": ObjectId("5a96d308ece60c000fb354c5"),
  "assignment": ObjectId("5a3a21af0b8d050012569879"),
  "flagged": false,
  "state": "ANSWERED",
  "assigned_at": new Date(1520015293613),
  "handin": ObjectId("5a9817843398400010a68d49"),
  "last_edited": new Date(1520018401490),
  "time_spent": 3056,
  "submitted_at": new Date(1520018397321),
  "feedback_date": new Date(1521054855604)
},
{
  "_id": ObjectId("5a99bbd1e404150057a098a9"),
  "giver": ObjectId("5a969ac21b83a20010b485c9"),
  "assignment": ObjectId("5a3a21af0b8d050012569879"),
  "flagged": false,
  "state": "ANSWERED",
  "handin": ObjectId("5a9704a29e72380012c1b911"),
  "assigned_at": new Date(1520024529933),
  "time_spent": 7842,
  "last_edited": new Date(1520117948299),
  "submitted_at": new Date(1520117945257),
  "feedback_date": new Date(1521122205019)
},
{
  "_id": ObjectId("5a99e2fecbdafe0012d0c694"),
  "giver": ObjectId("5a947fd38bf2e50012c6b516"),
  "assignment": ObjectId("5a3a21af0b8d050012569879"),
  "flagged": false,
  "state": "ANSWERED",
  "handin": ObjectId("5a973046ece60c006bb1c79f"),
  "assigned_at": new Date(1520034558895),
  "last_edited": new Date(1520186666733),
  "time_spent": 1486,
  "submitted_at": new Date(1520186663829),
  "feedback_date": new Date(1521104026740)
},
{
  "_id": ObjectId("5a9a80eb0e37660011a64c63"),
  "giver": ObjectId("5a96ce6cefb5dc000fa50977"),
  "assignment": ObjectId("5a3a21af0b8d050012569879"),
  "flagged": false,
  "state": "ANSWERED",
  "assigned_at": new Date(1520074987927),
  "handin": ObjectId("5a970a9ae2639500124d7e7e"),
  "last_edited": new Date(1520076125231),
  "time_spent": 1091,
  "submitted_at": new Date(1520076122024),
  "feedback_date": new Date(1520896151320)
},
{
  "_id": ObjectId("5a9a855ad9147b0011371475"),
  "giver": ObjectId("5a96ce6cefb5dc000fa50977"),
  "assignment": ObjectId("5a3a21af0b8d050012569879"),
  "flagged": false,
  "state": "ANSWERED",
  "handin": ObjectId("5a97179091362e00124d9da1"),
  "assigned_at": new Date(1520076122250),
  "last_edited": new Date(1520076998452),
  "time_spent": 846,
  "submitted_at": new Date(1520076994908),
  "feedback_date": new Date(1523217921881)
},
{
  "_id": ObjectId("5a9a88c3d9147b000f960a7f"),
  "giver": ObjectId("5a96ce6cefb5dc000fa50977"),
  "assignment": ObjectId("5a3a21af0b8d050012569879"),
  "flagged": false,
  "state": "ANSWERED",
  "handin": ObjectId("5a9718fe0cdd8c001026a279"),
  "assigned_at": new Date(1520076995114),
  "time_spent": 1769,
  "last_edited": new Date(1520078793846),
  "submitted_at": new Date(1520078790173),
  "feedback_date": new Date(1521115865877)
},
{
  "_id": ObjectId("5a9a9b8fd9147b00579cd333"),
  "giver": ObjectId("5a96f345fbeb7f001256ad62"),
  "assignment": ObjectId("5a3a21af0b8d050012569879"),
  "flagged": false,
  "state": "ANSWERED",
  "handin": ObjectId("5a971b1296b4550012309885"),
  "assigned_at": new Date(1520081807542),
  "last_edited": new Date(1520084015664),
  "time_spent": 2159,
  "submitted_at": new Date(1520084012602),
  "feedback_date": new Date(1521056692287)
},
{
  "_id": ObjectId("5a9aa42c5d7372000fb9ce69"),
  "giver": ObjectId("5a96f345fbeb7f001256ad62"),
  "assignment": ObjectId("5a3a21af0b8d050012569879"),
  "flagged": false,
  "state": "ANSWERED",
  "assigned_at": new Date(1520084012812),
  "handin": ObjectId("5a971b6991362e005cac1057"),
  "last_edited": new Date(1520086675532),
  "time_spent": 1487,
  "submitted_at": new Date(1520086672624),
  "feedback_date": new Date(1521119246273)
},
{
  "_id": ObjectId("5a9aae900e37660070b73da5"),
  "giver": ObjectId("5a96f345fbeb7f001256ad62"),
  "assignment": ObjectId("5a3a21af0b8d050012569879"),
  "flagged": false,
  "state": "PROBLEMATIC",
  "assigned_at": new Date(1520086672941),
  "handin": ObjectId("5a972511ece60c001286df5d"),
  "problematic_reason": "COULD_NOT_OPEN"
},
{
  "_id": ObjectId("5a9ab09b5d73720080443d63"),
  "giver": ObjectId("5a96d2eb0cdd8c000fd85484"),
  "assignment": ObjectId("5a3a21af0b8d050012569879"),
  "flagged": false,
  "state": "ANSWERED",
  "assigned_at": new Date(1520087195459),
  "handin": ObjectId("5a9726c8fbeb7f0058760870"),
  "time_spent": 2609,
  "last_edited": new Date(1520089869758),
  "submitted_at": new Date(1520089866846),
  "feedback_date": new Date(1521454736976)
},
{
  "_id": ObjectId("5a9ab5737caaed007c46b195"),
  "giver": ObjectId("5a971999e26395006ebf8bde"),
  "assignment": ObjectId("5a3a21af0b8d050012569879"),
  "flagged": false,
  "state": "ANSWERED",
  "assigned_at": new Date(1520088435547),
  "handin": ObjectId("5a972511ece60c001286df5d"),
  "last_edited": new Date(1520089915053),
  "time_spent": 1431,
  "submitted_at": new Date(1520089912179),
  "feedback_date": new Date(1520962118936)
},
{
  "_id": ObjectId("5a9abb0b1ba8450010d248f1"),
  "giver": ObjectId("5a96d2eb0cdd8c000fd85484"),
  "assignment": ObjectId("5a3a21af0b8d050012569879"),
  "flagged": false,
  "state": "ANSWERED",
  "assigned_at": new Date(1520089867150),
  "handin": ObjectId("5a9732f096b455000fface38"),
  "last_edited": new Date(1520090851894),
  "time_spent": 937,
  "submitted_at": new Date(1520090848101)
},
{
  "_id": ObjectId("5a9abb38e40415008e84d3e8"),
  "giver": ObjectId("5a971999e26395006ebf8bde"),
  "assignment": ObjectId("5a3a21af0b8d050012569879"),
  "flagged": false,
  "state": "ANSWERED",
  "handin": ObjectId("5a9817843398400010a68d49"),
  "assigned_at": new Date(1520089912635),
  "time_spent": 2214,
  "last_edited": new Date(1520092170913),
  "submitted_at": new Date(1520092167105),
  "feedback_date": new Date(1521054896626)
},
{
  "_id": ObjectId("5a9abee0d9147b000f960b5e"),
  "giver": ObjectId("5a96d2eb0cdd8c000fd85484"),
  "assignment": ObjectId("5a3a21af0b8d050012569879"),
  "flagged": false,
  "state": "ANSWERED",
  "handin": ObjectId("5a96f3bffbeb7f006ad56a41"),
  "assigned_at": new Date(1520090848466),
  "time_spent": 1543,
  "last_edited": new Date(1520092440042),
  "submitted_at": new Date(1520092436283),
  "feedback_date": new Date(1521062432668)
},
{
  "_id": ObjectId("5a9ac02b0e3766000fbd317d"),
  "giver": ObjectId("5a96d2420cdd8c0012d652ef"),
  "assignment": ObjectId("5a3a21af0b8d050012569879"),
  "flagged": false,
  "state": "ANSWERED",
  "assigned_at": new Date(1520091179630),
  "handin": ObjectId("5a9704a29e72380012c1b911"),
  "last_edited": new Date(1520154883497),
  "time_spent": 3683,
  "submitted_at": new Date(1520154880285),
  "feedback_date": new Date(1521122280570)
},
{
  "_id": ObjectId("5a9ac407d9147b00579cd404"),
  "giver": ObjectId("5a971999e26395006ebf8bde"),
  "assignment": ObjectId("5a3a21af0b8d050012569879"),
  "flagged": false,
  "state": "ANSWERED",
  "handin": ObjectId("5a9721bcfbeb7f001017c05a"),
  "assigned_at": new Date(1520092167512),
  "last_edited": new Date(1520094284870),
  "time_spent": 2080,
  "submitted_at": new Date(1520094281188)
},
{
  "_id": ObjectId("5a9ad8a7e67cb700127e9293"),
  "giver": ObjectId("5a97235a96b455000ffacd04"),
  "assignment": ObjectId("5a3a21af0b8d050012569879"),
  "flagged": false,
  "state": "PROBLEMATIC",
  "assigned_at": new Date(1520097447492),
  "handin": ObjectId("5a9721bcfbeb7f001017c05a"),
  "problematic_other_reason": "It's a .txt file and I'm not sure how to interpret it.",
  "problematic_reason": "OTHER"
},
{
  "_id": ObjectId("5a9ada0085fe930011a42707"),
  "giver": ObjectId("5a952a05cb184b0010e396cf"),
  "assignment": ObjectId("5a3a21af0b8d050012569879"),
  "flagged": false,
  "state": "ANSWERED",
  "handin": ObjectId("5a96d34b96b455000ffabffa"),
  "assigned_at": new Date(1520097792229),
  "last_edited": new Date(1520169605680),
  "time_spent": 6284,
  "submitted_at": new Date(1520169602558),
  "feedback_date": new Date(1520983798728)
},
{
  "_id": ObjectId("5a9adac060e1910010603e8d"),
  "giver": ObjectId("5a97235a96b455000ffacd04"),
  "assignment": ObjectId("5a3a21af0b8d050012569879"),
  "flagged": false,
  "state": "ANSWERED",
  "assigned_at": new Date(1520097984579),
  "handin": ObjectId("5a97114791362e00124d9c89"),
  "last_edited": new Date(1520099647318),
  "time_spent": 1603,
  "submitted_at": new Date(1520099644628),
  "feedback_date": new Date(1520947690321)
},
{
  "_id": ObjectId("5a9ae13d85fe93001069011e"),
  "giver": ObjectId("5a97235a96b455000ffacd04"),
  "assignment": ObjectId("5a3a21af0b8d050012569879"),
  "flagged": false,
  "state": "ANSWERED",
  "handin": ObjectId("5a973046ece60c006bb1c79f"),
  "assigned_at": new Date(1520099645504),
  "last_edited": new Date(1520100567548),
  "time_spent": 791,
  "submitted_at": new Date(1520100563347),
  "feedback_date": new Date(1521104197217)
},
{
  "_id": ObjectId("5a9ae4d34e61c2006b32f45e"),
  "giver": ObjectId("5a97235a96b455000ffacd04"),
  "assignment": ObjectId("5a3a21af0b8d050012569879"),
  "flagged": false,
  "state": "ANSWERED",
  "assigned_at": new Date(1520100563976),
  "handin": ObjectId("5a970a9ae2639500124d7e7e"),
  "last_edited": new Date(1520101445479),
  "time_spent": 813,
  "submitted_at": new Date(1520101436599),
  "feedback_date": new Date(1520896205756)
},
{
  "_id": ObjectId("5a9aea5960e1910010603ed6"),
  "giver": ObjectId("5a96f3450cdd8c0011d8e30e"),
  "assignment": ObjectId("5a3a21af0b8d050012569879"),
  "flagged": false,
  "state": "PROBLEMATIC",
  "assigned_at": new Date(1520101977677),
  "handin": ObjectId("5a9721bcfbeb7f001017c05a"),
  "problematic_reason": "OTHER",
  "problematic_other_reason": "The group uploaded a text file. Does not have any of their code in it"
},
{
  "_id": ObjectId("5a9aecff9154f9000fb8397f"),
  "giver": ObjectId("5a96f3450cdd8c0011d8e30e"),
  "assignment": ObjectId("5a3a21af0b8d050012569879"),
  "flagged": false,
  "state": "ANSWERED",
  "assigned_at": new Date(1520102655855),
  "handin": ObjectId("5a97179091362e00124d9da1"),
  "last_edited": new Date(1520200156511),
  "time_spent": 2862,
  "submitted_at": new Date(1520178464091),
  "feedback_date": new Date(1523217926300)
},
{
  "_id": ObjectId("5a9b05279154f90012651006"),
  "giver": ObjectId("5a96f40b0cdd8c000fd85969"),
  "assignment": ObjectId("5a3a21af0b8d050012569879"),
  "flagged": false,
  "state": "ANSWERED",
  "assigned_at": new Date(1520108839337),
  "handin": ObjectId("5a971b6991362e005cac1057"),
  "last_edited": new Date(1520109791141),
  "time_spent": 900,
  "submitted_at": new Date(1520109788115),
  "feedback_date": new Date(1521119327480)
},
{
  "_id": ObjectId("5a9b0566a4c2cf001151a7ba"),
  "giver": ObjectId("5a96f34d96b455000ffac55c"),
  "assignment": ObjectId("5a3a21af0b8d050012569879"),
  "flagged": false,
  "state": "PROBLEMATIC",
  "handin": ObjectId("5a972511ece60c001286df5d"),
  "assigned_at": new Date(1520108902506),
  "last_edited": new Date(1520109101342),
  "time_spent": 145,
  "problematic_reason": "COULD_NOT_OPEN"
},
{
  "_id": ObjectId("5a9b078cbd30060011483db6"),
  "giver": ObjectId("5a96f34d96b455000ffac55c"),
  "assignment": ObjectId("5a3a21af0b8d050012569879"),
  "flagged": false,
  "state": "ANSWERED",
  "assigned_at": new Date(1520109452705),
  "handin": ObjectId("5a9732f096b455000fface38"),
  "last_edited": new Date(1520110638774),
  "time_spent": 1133,
  "submitted_at": new Date(1520110635629)
},
{
  "_id": ObjectId("5a9b08dc9154f90011ede664"),
  "giver": ObjectId("5a96f40b0cdd8c000fd85969"),
  "assignment": ObjectId("5a3a21af0b8d050012569879"),
  "flagged": false,
  "state": "PROBLEMATIC",
  "assigned_at": new Date(1520109788375),
  "handin": ObjectId("5a972511ece60c001286df5d"),
  "problematic_reason": "OTHER",
  "problematic_other_reason": "File was a .txt and not in jupyter notebook"
},
{
  "_id": ObjectId("5a9b09229154f90010fed3cf"),
  "giver": ObjectId("5a96f40b0cdd8c000fd85969"),
  "assignment": ObjectId("5a3a21af0b8d050012569879"),
  "flagged": false,
  "state": "ANSWERED",
  "assigned_at": new Date(1520109858622),
  "handin": ObjectId("5a9817843398400010a68d49"),
  "last_edited": new Date(1520110266194),
  "time_spent": 376,
  "submitted_at": new Date(1520110262971),
  "feedback_date": new Date(1521054917531)
},
{
  "_id": ObjectId("5a9b0ab7bd300600127435e2"),
  "giver": ObjectId("5a96f40b0cdd8c000fd85969"),
  "assignment": ObjectId("5a3a21af0b8d050012569879"),
  "flagged": false,
  "state": "ANSWERED",
  "assigned_at": new Date(1520110263210),
  "handin": ObjectId("5a9718fe0cdd8c001026a279"),
  "last_edited": new Date(1520110700880),
  "time_spent": 413,
  "submitted_at": new Date(1520110696738),
  "feedback_date": new Date(1521116031208)
},
{
  "_id": ObjectId("5a9b0c2cbd3006000fa26b33"),
  "giver": ObjectId("5a96f34d96b455000ffac55c"),
  "assignment": ObjectId("5a3a21af0b8d050012569879"),
  "flagged": false,
  "state": "ANSWERED",
  "assigned_at": new Date(1520110636632),
  "handin": ObjectId("5a96d34b96b455000ffabffa"),
  "last_edited": new Date(1520111407807),
  "time_spent": 707,
  "submitted_at": new Date(1520111385552),
  "feedback_date": new Date(1521063266156)
},
{
  "_id": ObjectId("5a9b0f1d4e61c2006b32f63f"),
  "giver": ObjectId("5a96f34d96b455000ffac55c"),
  "assignment": ObjectId("5a3a21af0b8d050012569879"),
  "flagged": false,
  "state": "ANSWERED",
  "assigned_at": new Date(1520111389612),
  "handin": ObjectId("5a97114791362e00124d9c89"),
  "last_edited": new Date(1520112962069),
  "time_spent": 1477,
  "submitted_at": new Date(1520112957487),
  "feedback_date": new Date(1520947885042)
},
{
  "_id": ObjectId("5a9b28b9bd30060012743645"),
  "giver": ObjectId("5a969ac21b83a20010b485c9"),
  "assignment": ObjectId("5a3a21af0b8d050012569879"),
  "flagged": false,
  "state": "ANSWERED",
  "assigned_at": new Date(1520117945476),
  "handin": ObjectId("5a971b1296b4550012309885"),
  "last_edited": new Date(1520120586427),
  "time_spent": 2595,
  "submitted_at": new Date(1520120582550),
  "feedback_date": new Date(1521056762793)
},
{
  "_id": ObjectId("5a9b307fa153aa000fc5520f"),
  "giver": ObjectId("5a8ec28f0e7c2a000fe80992"),
  "assignment": ObjectId("5a3a21af0b8d050012569879"),
  "flagged": false,
  "state": "ANSWERED",
  "handin": ObjectId("5a973046ece60c006bb1c79f"),
  "assigned_at": new Date(1520119935946),
  "last_edited": new Date(1520120793670),
  "time_spent": 557,
  "submitted_at": new Date(1520120790816),
  "feedback_date": new Date(1521104310404)
},
{
  "_id": ObjectId("5a9b33d7a153aa000fc55223"),
  "giver": ObjectId("5a8ec28f0e7c2a000fe80992"),
  "assignment": ObjectId("5a3a21af0b8d050012569879"),
  "flagged": false,
  "state": "ANSWERED",
  "handin": ObjectId("5a96f3bffbeb7f006ad56a41"),
  "assigned_at": new Date(1520120791177),
  "last_edited": new Date(1520121286262),
  "time_spent": 460,
  "submitted_at": new Date(1520121280982),
  "feedback_date": new Date(1521062570941)
},
{
  "_id": ObjectId("5a9b35c14e61c2006b32f6f3"),
  "giver": ObjectId("5a8ec28f0e7c2a000fe80992"),
  "assignment": ObjectId("5a3a21af0b8d050012569879"),
  "flagged": false,
  "state": "ANSWERED",
  "assigned_at": new Date(1520121281325),
  "handin": ObjectId("5a9704a29e72380012c1b911"),
  "last_edited": new Date(1520122824947),
  "time_spent": 1441,
  "submitted_at": new Date(1520122800524),
  "feedback_date": new Date(1522615057244)
},
{
  "_id": ObjectId("5a9b8b3ca3f69b00122cb434"),
  "giver": ObjectId("5a970a6996b455000ffac915"),
  "assignment": ObjectId("5a3a21af0b8d050012569879"),
  "flagged": false,
  "state": "ANSWERED",
  "assigned_at": new Date(1520143164296),
  "handin": ObjectId("5a9726c8fbeb7f0058760870"),
  "last_edited": new Date(1520151380975),
  "time_spent": 858,
  "submitted_at": new Date(1520151378069),
  "feedback_date": new Date(1521454786426)
},
{
  "_id": ObjectId("5a9bab52a153aa0011137ab8"),
  "giver": ObjectId("5a970a6996b455000ffac915"),
  "assignment": ObjectId("5a3a21af0b8d050012569879"),
  "flagged": false,
  "state": "ANSWERED",
  "handin": ObjectId("5a97179091362e00124d9da1"),
  "assigned_at": new Date(1520151378647),
  "last_edited": new Date(1520152737271),
  "time_spent": 1316,
  "submitted_at": new Date(1520152733388),
  "feedback_date": new Date(1523217937013)
},
{
  "_id": ObjectId("5a9bb09d4e61c2005961a3e1"),
  "giver": ObjectId("5a970a6996b455000ffac915"),
  "assignment": ObjectId("5a3a21af0b8d050012569879"),
  "flagged": false,
  "state": "ANSWERED",
  "assigned_at": new Date(1520152733939),
  "handin": ObjectId("5a971b6991362e005cac1057"),
  "last_edited": new Date(1520153269027),
  "time_spent": 477,
  "submitted_at": new Date(1520153259503),
  "feedback_date": new Date(1521119367559)
},
{
  "_id": ObjectId("5a9bb82d60e1910012d3b4ee"),
  "giver": ObjectId("5a96b13f0cdd8c000fd8505b"),
  "assignment": ObjectId("5a3a21af0b8d050012569879"),
  "flagged": false,
  "state": "ANSWERED",
  "assigned_at": new Date(1520154669934),
  "handin": ObjectId("5a9732f096b455000fface38"),
  "last_edited": new Date(1520155402559),
  "time_spent": 698,
  "submitted_at": new Date(1520155399699)
},
{
  "_id": ObjectId("5a9bb90085fe930011a42960"),
  "giver": ObjectId("5a96d2420cdd8c0012d652ef"),
  "assignment": ObjectId("5a3a21af0b8d050012569879"),
  "flagged": false,
  "state": "ANSWERED",
  "handin": ObjectId("5a9718fe0cdd8c001026a279"),
  "assigned_at": new Date(1520154880598),
  "last_edited": new Date(1520160009154),
  "time_spent": 5059,
  "submitted_at": new Date(1520160005421),
  "feedback_date": new Date(1521117198033)
},
{
  "_id": ObjectId("5a9bbb074e61c2005961a40c"),
  "giver": ObjectId("5a96b13f0cdd8c000fd8505b"),
  "assignment": ObjectId("5a3a21af0b8d050012569879"),
  "flagged": false,
  "state": "ANSWERED",
  "assigned_at": new Date("2018-03-04T10:23:20+0100"),
  "handin": ObjectId("5a970a9ae2639500124d7e7e"),
  "last_edited": new Date(1520155986220),
  "time_spent": 556,
  "submitted_at": new Date(1520155982225),
  "feedback_date": new Date(1520896300560)
},
{
  "_id": ObjectId("5a9bbd4ea153aa0011137af9"),
  "giver": ObjectId("5a96b13f0cdd8c000fd8505b"),
  "assignment": ObjectId("5a3a21af0b8d050012569879"),
  "flagged": false,
  "state": "ANSWERED",
  "handin": ObjectId("5a97114791362e00124d9c89"),
  "assigned_at": new Date(1520155982816),
  "last_edited": new Date(1520156381140),
  "time_spent": 375,
  "submitted_at": new Date(1520156377367),
  "feedback_date": new Date(1520947933963)
},
{
  "_id": ObjectId("5a9bcd059154f90012651241"),
  "giver": ObjectId("5a96d2420cdd8c0012d652ef"),
  "assignment": ObjectId("5a3a21af0b8d050012569879"),
  "flagged": false,
  "state": "ANSWERED",
  "assigned_at": new Date(1520160005718),
  "handin": ObjectId("5a971b1296b4550012309885"),
  "last_edited": new Date(1520165995170),
  "time_spent": 5918,
  "submitted_at": new Date(1520165991458),
  "feedback_date": new Date(1521056794881)
},
{
  "_id": ObjectId("5a9bda93a4c2cf0012b9a68c"),
  "giver": ObjectId("57c2a2f4865114000f9424a1"),
  "handin": ObjectId("5a972511ece60c001286df5d"),
  "assignment": ObjectId("5a3a21af0b8d050012569879"),
  "flagged": false,
  "state": "ANSWERED",
  "last_edited": new Date(1523776021656),
  "time_spent": 2175,
  "submitted_at": new Date(1523776021656)
},
{
  "_id": ObjectId("5a9bdaab85fe93000f83d039"),
  "giver": ObjectId("57c2a2f4865114000f9424a1"),
  "handin": ObjectId("5a96d34b96b455000ffabffa"),
  "assignment": ObjectId("5a3a21af0b8d050012569879"),
  "flagged": false,
  "state": "UNSTARTED"
},
{
  "_id": ObjectId("5a9bf28285fe9300125edae8"),
  "giver": ObjectId("5a952a05cb184b0010e396cf"),
  "assignment": ObjectId("5a3a21af0b8d050012569879"),
  "flagged": false,
  "state": "ANSWERED",
  "handin": ObjectId("5a973046ece60c006bb1c79f"),
  "assigned_at": new Date(1520169602864),
  "last_edited": new Date(1520171104647),
  "time_spent": 1444,
  "submitted_at": new Date(1520171100975),
  "feedback_date": new Date(1521104536619)
},
{
  "_id": ObjectId("5a9bf85d4e61c2005961a506"),
  "giver": ObjectId("5a952a05cb184b0010e396cf"),
  "assignment": ObjectId("5a3a21af0b8d050012569879"),
  "flagged": false,
  "state": "ANSWERED",
  "assigned_at": new Date(1520171101264),
  "handin": ObjectId("5a9817843398400010a68d49"),
  "last_edited": new Date(1520172235572),
  "time_spent": 1057,
  "submitted_at": new Date(1520172231916),
  "feedback_date": new Date(1521054944763)
},
{
  "_id": ObjectId("5a9c152085fe93000f83d120"),
  "giver": ObjectId("5a96f3450cdd8c0011d8e30e"),
  "assignment": ObjectId("5a3a21af0b8d050012569879"),
  "flagged": false,
  "state": "ANSWERED",
  "handin": ObjectId("5a9704a29e72380012c1b911"),
  "assigned_at": new Date(1520178464451),
  "last_edited": new Date(1520199445831),
  "time_spent": 6486,
  "submitted_at": new Date(1520199440540),
  "feedback_date": new Date(1522615096696)
},
{
  "_id": ObjectId("5a9c24a974736c000f4e87b4"),
  "giver": ObjectId("5a971172fbeb7f001017bdb0"),
  "assignment": ObjectId("5a3a21af0b8d050012569879"),
  "flagged": false,
  "state": "ANSWERED",
  "handin": ObjectId("5a96f3bffbeb7f006ad56a41"),
  "assigned_at": new Date(1520182441695),
  "last_edited": new Date(1520197564653),
  "time_spent": 13831,
  "submitted_at": new Date(1520183357984),
  "feedback_date": new Date(1521062792850)
},
{
  "_id": ObjectId("5a9c283e8c60be0010c78cfc"),
  "giver": ObjectId("5a971172fbeb7f001017bdb0"),
  "assignment": ObjectId("5a3a21af0b8d050012569879"),
  "flagged": false,
  "state": "ANSWERED",
  "assigned_at": new Date(1520183358266),
  "handin": ObjectId("5a96d34b96b455000ffabffa"),
  "last_edited": new Date(1520198229055),
  "time_spent": 1254,
  "submitted_at": new Date(1520184028117),
  "feedback_date": new Date(1521303655126)
},
{
  "_id": ObjectId("5a9c2adcb724360012241d52"),
  "giver": ObjectId("5a971172fbeb7f001017bdb0"),
  "assignment": ObjectId("5a3a21af0b8d050012569879"),
  "flagged": false,
  "state": "ANSWERED",
  "handin": ObjectId("5a9726c8fbeb7f0058760870"),
  "assigned_at": new Date(1520184028416),
  "time_spent": 386,
  "last_edited": new Date(1520184466477),
  "submitted_at": new Date(1520184462777),
  "feedback_date": new Date(1521454822751)
},
{
  "_id": ObjectId("5a9c3528bec6cd0010aa4e71"),
  "giver": ObjectId("5a947fd38bf2e50012c6b516"),
  "assignment": ObjectId("5a3a21af0b8d050012569879"),
  "flagged": false,
  "state": "ANSWERED",
  "assigned_at": new Date(1520186664265),
  "handin": ObjectId("5a97179091362e00124d9da1"),
  "time_spent": 1046,
  "last_edited": new Date(1520187789896),
  "submitted_at": new Date(1520187786319),
  "feedback_date": new Date(1523217944911)
},
{
  "_id": ObjectId("5a9c398a8c60be000f8088fe"),
  "giver": ObjectId("5a947fd38bf2e50012c6b516"),
  "assignment": ObjectId("5a3a21af0b8d050012569879"),
  "flagged": false,
  "state": "ANSWERED",
  "assigned_at": new Date(1520187786909),
  "handin": ObjectId("5a9732f096b455000fface38"),
  "time_spent": 800,
  "last_edited": new Date(1520188634942),
  "submitted_at": new Date(1520188631341)
},
{
  "_id": ObjectId("5a9c5581bec6cd0010aa4f57"),
  "giver": ObjectId("5a970a8396b45500104b1419"),
  "assignment": ObjectId("5a3a21af0b8d050012569879"),
  "flagged": false,
  "state": "ANSWERED",
  "assigned_at": new Date(1520194945051),
  "handin": ObjectId("5a9718fe0cdd8c001026a279"),
  "time_spent": 574,
  "last_edited": new Date(1520195888377),
  "submitted_at": new Date(1520195863020),
  "feedback_date": new Date(1521117459986)
},
{
  "_id": ObjectId("5a9c58c6bec6cd0012b7a16d"),
  "giver": ObjectId("5a97248d91362e005cac1151"),
  "assignment": ObjectId("5a3a21af0b8d050012569879"),
  "flagged": false,
  "state": "ANSWERED",
  "assigned_at": new Date(1520195782175),
  "handin": ObjectId("5a970a9ae2639500124d7e7e"),
  "time_spent": 5049,
  "last_edited": new Date(1520200885358),
  "submitted_at": new Date(1520200882348),
  "feedback_date": new Date(1521659713420)
},
{
  "_id": ObjectId("5a9c591774736c001278598f"),
  "giver": ObjectId("5a970a8396b45500104b1419"),
  "assignment": ObjectId("5a3a21af0b8d050012569879"),
  "flagged": false,
  "state": "ANSWERED",
  "handin": ObjectId("5a97114791362e00124d9c89"),
  "assigned_at": new Date(1520195863901),
  "last_edited": new Date(1520197260591),
  "time_spent": 1099,
  "submitted_at": new Date(1520197224797),
  "feedback_date": new Date(1520948041368)
},
{
  "_id": ObjectId("5a9c5956f55ca00012c8aed0"),
  "giver": ObjectId("5a902285c13a6c0011644389"),
  "assignment": ObjectId("5a3a21af0b8d050012569879"),
  "flagged": false,
  "state": "UNSTARTED",
  "handin": ObjectId("5a971b1296b4550012309885"),
  "assigned_at": new Date(1520195926124)
},
{
  "_id": ObjectId("5a9c5e7ee021a10059e776f5"),
  "giver": ObjectId("5a970a8396b45500104b1419"),
  "assignment": ObjectId("5a3a21af0b8d050012569879"),
  "flagged": false,
  "state": "ANSWERED",
  "assigned_at": new Date(1520197246641),
  "handin": ObjectId("5a971b6991362e005cac1057"),
  "time_spent": 524,
  "last_edited": new Date(1520197864604),
  "submitted_at": new Date(1520197860437),
  "feedback_date": new Date(1521119404524)
},
{
  "_id": ObjectId("5a9c6cb28c60be00115c4281"),
  "giver": ObjectId("5a97248d91362e005cac1151"),
  "assignment": ObjectId("5a3a21af0b8d050012569879"),
  "flagged": false,
  "state": "ANSWERED",
  "assigned_at": new Date(1520200882707),
  "handin": ObjectId("5a973046ece60c006bb1c79f"),
  "time_spent": 14732,
  "last_edited": new Date(1520804650534),
  "submitted_at": new Date(1520804647570),
  "feedback_date": new Date(1521104908856)
},
{
  "_id": ObjectId("5a9d8cc4d03f880011a6bfa3"),
  "giver": ObjectId("5a96b116ece60c000fb34ee5"),
  "assignment": ObjectId("5a3a21af0b8d050012569879"),
  "flagged": false,
  "state": "ANSWERED",
  "handin": ObjectId("5a9817843398400010a68d49"),
  "assigned_at": new Date(1520274628222),
  "time_spent": 1359,
  "last_edited": new Date(1520276032538),
  "submitted_at": new Date(1520276029534),
  "feedback_date": new Date(1521054971727)
},
{
  "_id": ObjectId("5a9d923da2a1e4000f80f2ed"),
  "giver": ObjectId("5a96b116ece60c000fb34ee5"),
  "assignment": ObjectId("5a3a21af0b8d050012569879"),
  "flagged": false,
  "state": "ANSWERED",
  "assigned_at": new Date(1520276029724),
  "handin": ObjectId("5a96f3bffbeb7f006ad56a41"),
  "last_edited": new Date(1520277184177),
  "time_spent": 1120,
  "submitted_at": new Date(1520277180642),
  "feedback_date": new Date(1521063084950)
},
{
  "_id": ObjectId("5a9d96bcaace64010f83b56b"),
  "giver": ObjectId("5a96b116ece60c000fb34ee5"),
  "assignment": ObjectId("5a3a21af0b8d050012569879"),
  "flagged": false,
  "state": "ANSWERED",
  "handin": ObjectId("5a9704a29e72380012c1b911"),
  "assigned_at": new Date(1520277180878),
  "time_spent": 884,
  "last_edited": new Date(1520278104998),
  "submitted_at": new Date(1520278095608),
  "feedback_date": new Date(1522615131170)
},
{
  "_id": ObjectId("5aa2f8b5d9d53c0011357231"),
  "giver": ObjectId("5a96e13cfbeb7f0011e7318d"),
  "assignment": ObjectId("5a3a21af0b8d050012569879"),
  "flagged": false,
  "state": "ANSWERED",
  "handin": ObjectId("5a96d34b96b455000ffabffa"),
  "assigned_at": new Date(1520629941210),
  "last_edited": new Date(1520767339966),
  "time_spent": 1902,
  "submitted_at": new Date(1520767337046),
  "feedback_date": new Date(1521304038625)
},
{
  "_id": ObjectId("5aa51169c5f978000fee5d13"),
  "giver": ObjectId("5a96e13cfbeb7f0011e7318d"),
  "assignment": ObjectId("5a3a21af0b8d050012569879"),
  "flagged": false,
  "state": "ANSWERED",
  "assigned_at": new Date(1520767337621),
  "handin": ObjectId("5a9726c8fbeb7f0058760870"),
  "time_spent": 1281,
  "last_edited": new Date(1520773206772),
  "submitted_at": new Date(1520773203011),
  "feedback_date": new Date(1521454872298)
},
{
  "_id": ObjectId("5aa528532c2f6500123f39df"),
  "giver": ObjectId("5a96e13cfbeb7f0011e7318d"),
  "assignment": ObjectId("5a3a21af0b8d050012569879"),
  "flagged": false,
  "state": "ANSWERED",
  "handin": ObjectId("5a9732f096b455000fface38"),
  "assigned_at": new Date(1520773203380),
  "time_spent": 809,
  "last_edited": new Date(1520774093366),
  "submitted_at": new Date(1520774089666)
},
{
  "_id": ObjectId("5aa5a327c5ab88000f093329"),
  "giver": ObjectId("5a97248d91362e005cac1151"),
  "assignment": ObjectId("5a3a21af0b8d050012569879"),
  "flagged": false,
  "state": "ANSWERED",
  "handin": ObjectId("5a97179091362e00124d9da1"),
  "assigned_at": new Date(1520804647925),
  "time_spent": 2862,
  "last_edited": new Date(1520807552261),
  "submitted_at": new Date(1520807548624),
  "feedback_date": new Date(1523217952121)
},
{
  "_id": ObjectId("5aa63fce162730006cebdca4"),
  "giver": ObjectId("5a9724a70cdd8c0059e56a3e"),
  "assignment": ObjectId("5a3a21af0b8d050012569879"),
  "flagged": false,
  "state": "ANSWERED",
  "handin": ObjectId("5a970a9ae2639500124d7e7e"),
  "assigned_at": new Date(1520844750397),
  "last_edited": new Date(1520846660073),
  "time_spent": 1581,
  "submitted_at": new Date(1520846657157),
  "feedback_date": new Date(1521659750245)
},
{
  "_id": ObjectId("5aa647412507e5001174368d"),
  "giver": ObjectId("5a9724a70cdd8c0059e56a3e"),
  "assignment": ObjectId("5a3a21af0b8d050012569879"),
  "flagged": false,
  "state": "ANSWERED",
  "handin": ObjectId("5a97114791362e00124d9c89"),
  "assigned_at": new Date(1520846657517),
  "last_edited": new Date(1520852783390),
  "time_spent": 2108,
  "submitted_at": new Date(1520852779759),
  "feedback_date": new Date(1520948096805)
},
{
  "_id": ObjectId("5aa65f2c65bd07000f452903"),
  "giver": ObjectId("5a9724a70cdd8c0059e56a3e"),
  "assignment": ObjectId("5a3a21af0b8d050012569879"),
  "flagged": false,
  "state": "ANSWERED",
  "handin": ObjectId("5a9718fe0cdd8c001026a279"),
  "assigned_at": new Date(1520852780043),
  "last_edited": new Date(1520854847944),
  "time_spent": 1993,
  "submitted_at": new Date(1520854843562),
  "feedback_date": new Date(1521117621533)
},
{
  "_id": ObjectId("5aa670e52a10d7000f1e63f8"),
  "giver": ObjectId("5a9732d3e26395005bc29d34"),
  "assignment": ObjectId("5a3a21af0b8d050012569879"),
  "flagged": false,
  "state": "ANSWERED",
  "assigned_at": new Date(1520857317398),
  "handin": ObjectId("5a971b1296b4550012309885"),
  "last_edited": new Date(1520884573683),
  "time_spent": 10243,
  "submitted_at": new Date(1520884570660),
  "feedback_date": new Date(1521056826607)
},
{
  "_id": ObjectId("5aa6db5a965e4500ec3473a2"),
  "giver": ObjectId("5a9732d3e26395005bc29d34"),
  "assignment": ObjectId("5a3a21af0b8d050012569879"),
  "flagged": false,
  "state": "ANSWERED",
  "handin": ObjectId("5a971b6991362e005cac1057"),
  "assigned_at": new Date(1520884571013),
  "time_spent": 1478,
  "last_edited": new Date(1520886086182),
  "submitted_at": new Date(1520886082371),
  "feedback_date": new Date(1521119419391)
},
{
  "_id": ObjectId("5aa6e1422ad3dc00ca20e926"),
  "giver": ObjectId("5a9732d3e26395005bc29d34"),
  "assignment": ObjectId("5a3a21af0b8d050012569879"),
  "flagged": false,
  "state": "ANSWERED",
  "assigned_at": new Date(1520886082659),
  "handin": ObjectId("5a973046ece60c006bb1c79f"),
  "last_edited": new Date(1520887122285),
  "time_spent": 1006,
  "submitted_at": new Date(1520887118757),
  "feedback_date": new Date(1521108122772)
},
{
  "_id": ObjectId("5aa6e6ae965e4500efeb5f3e"),
  "giver": ObjectId("5a96f345fbeb7f001256ad62"),
  "assignment": ObjectId("5a3a21af0b8d050012569879"),
  "flagged": false,
  "state": "ANSWERED",
  "handin": ObjectId("5a9817843398400010a68d49"),
  "assigned_at": new Date(1520887470923),
  "last_edited": new Date(1520888909932),
  "time_spent": 1360,
  "submitted_at": new Date(1520888906443),
  "feedback_date": new Date(1521054998519)
},
{
  "_id": ObjectId("5aa6e731650b6800a3549d37"),
  "giver": ObjectId("5a971302fbeb7f001017be06"),
  "assignment": ObjectId("5a3a21af0b8d050012569879"),
  "flagged": false,
  "state": "ANSWERED",
  "assigned_at": new Date(1520887601020),
  "handin": ObjectId("5a9704a29e72380012c1b911"),
  "last_edited": new Date(1520889311785),
  "time_spent": 1641,
  "submitted_at": new Date(1520889308393),
  "feedback_date": new Date(1522615166458)
},
{
  "_id": ObjectId("5aa6eddcd356230179ddd059"),
  "giver": ObjectId("5a971302fbeb7f001017be06"),
  "assignment": ObjectId("5a3a21af0b8d050012569879"),
  "flagged": false,
  "state": "ANSWERED",
  "handin": ObjectId("5a96d34b96b455000ffabffa"),
  "assigned_at": new Date(1520889308716),
  "last_edited": new Date(1520890485488),
  "time_spent": 1119,
  "submitted_at": new Date(1520890481978),
  "feedback_date": new Date(1521304196483)
},
{
  "_id": ObjectId("5aa6f272965e4500efeb601b"),
  "giver": ObjectId("5a971302fbeb7f001017be06"),
  "assignment": ObjectId("5a3a21af0b8d050012569879"),
  "flagged": false,
  "state": "ANSWERED",
  "handin": ObjectId("5a96f3bffbeb7f006ad56a41"),
  "assigned_at": new Date(1520890482219),
  "last_edited": new Date(1520892154572),
  "time_spent": 1608,
  "submitted_at": new Date(1520892147150),
  "feedback_date": new Date(1521063219469)
},
{
  "_id": ObjectId("5ac63ce054fbea000fc82394"),
  "giver": ObjectId("5a8ec28f0e7c2a000fe80992"),
  "assignment": ObjectId("5a3a21b00b8d050012569897"),
  "flagged": false,
  "state": "ANSWERED",
  "handin": ObjectId("5ac2b5f34a352f0058d71bae"),
  "assigned_at": new Date(1522941152387),
  "time_spent": 393,
  "last_edited": new Date(1522941558313),
  "submitted_at": new Date(1522941558313),
  "feedback_date": new Date(1523280698184)
},
{
  "_id": ObjectId("5ac63e760ee9ef0012c2cbeb"),
  "giver": ObjectId("5a8ec28f0e7c2a000fe80992"),
  "assignment": ObjectId("5a3a21b00b8d050012569897"),
  "flagged": false,
  "state": "ANSWERED",
  "handin": ObjectId("5ac4f1f923e7fa000f4d47e9"),
  "assigned_at": new Date(1522941558509),
  "time_spent": 456,
  "last_edited": new Date(1522942034949),
  "submitted_at": new Date(1522941997995),
  "feedback_date": new Date(1523225111948)
},
{
  "_id": ObjectId("5ac69c258921160012b89d20"),
  "giver": ObjectId("5a96f345fbeb7f001256ad62"),
  "assignment": ObjectId("5a3a21b00b8d050012569897"),
  "flagged": false,
  "state": "ANSWERED",
  "handin": ObjectId("5ac51d2879702400111e9eea"),
  "assigned_at": new Date(1522965541734),
  "last_edited": new Date(1522967723489),
  "time_spent": 2130,
  "submitted_at": new Date(1522967723489),
  "feedback_date": new Date(1523272468667)
},
{
  "_id": ObjectId("5ac6a4abbf6964001087592c"),
  "giver": ObjectId("5a96f345fbeb7f001256ad62"),
  "assignment": ObjectId("5a3a21b00b8d050012569897"),
  "flagged": false,
  "state": "ANSWERED",
  "assigned_at": new Date(1522967723692),
  "handin": ObjectId("5ac528b20f32790012858c20"),
  "last_edited": new Date(1522968994690),
  "time_spent": 1233,
  "submitted_at": new Date(1522968991621),
  "feedback_date": new Date(1523281259070)
},
{
  "_id": ObjectId("5ac71cc5f646710010918e1b"),
  "giver": ObjectId("5a9724a70cdd8c0059e56a3e"),
  "assignment": ObjectId("5a3a21b00b8d050012569897"),
  "flagged": false,
  "state": "ANSWERED",
  "assigned_at": new Date(1522998469803),
  "handin": ObjectId("5ac53060826376001175aa83"),
  "time_spent": 1664,
  "last_edited": new Date(1523000183535),
  "submitted_at": new Date(1523000183535),
  "feedback_date": new Date(1523265200441)
},
{
  "_id": ObjectId("5ac7237763804c0058a267d6"),
  "giver": ObjectId("5a9724a70cdd8c0059e56a3e"),
  "assignment": ObjectId("5a3a21b00b8d050012569897"),
  "flagged": false,
  "state": "ANSWERED",
  "assigned_at": new Date(1523000183884),
  "handin": ObjectId("5ac53576826376000f976f6e"),
  "time_spent": 1339,
  "last_edited": new Date(1523001558377),
  "submitted_at": new Date(1523001548837)
},
{
  "_id": ObjectId("5ac7fe24ce4dc60010593d94"),
  "giver": ObjectId("5a969ac21b83a20010b485c9"),
  "assignment": ObjectId("5a3a21b00b8d050012569897"),
  "flagged": false,
  "state": "ANSWERED",
  "assigned_at": new Date(1523056164519),
  "handin": ObjectId("5ac537c48263760010e07893"),
  "time_spent": 1892,
  "last_edited": new Date(1523058090584),
  "submitted_at": new Date(1523058087569),
  "feedback_date": new Date(1523822359355)
},
{
  "_id": ObjectId("5ac805a7eb1ca80010413682"),
  "giver": ObjectId("5a969ac21b83a20010b485c9"),
  "assignment": ObjectId("5a3a21b00b8d050012569897"),
  "flagged": false,
  "state": "ANSWERED",
  "handin": ObjectId("5ac53f3023e7fa000f4d4b8c"),
  "assigned_at": new Date(1523058087851),
  "time_spent": 2279,
  "last_edited": new Date(1523220682587),
  "submitted_at": new Date(1523220682587),
  "feedback_date": new Date(1523227026273)
},
{
  "_id": ObjectId("5ac86e0beb1ca80011aa8c42"),
  "giver": ObjectId("5a96d2420cdd8c0012d652ef"),
  "assignment": ObjectId("5a3a21b00b8d050012569897"),
  "flagged": false,
  "state": "ANSWERED",
  "handin": ObjectId("5ac542b635b63e000fd4ea56"),
  "assigned_at": new Date(1523084811286),
  "last_edited": new Date(1523087210865),
  "time_spent": 2110,
  "submitted_at": new Date(1523087210865)
},
{
  "_id": ObjectId("5ac8776b2525940011154c26"),
  "giver": ObjectId("5a96d2420cdd8c0012d652ef"),
  "assignment": ObjectId("5a3a21b00b8d050012569897"),
  "flagged": false,
  "state": "PROBLEMATIC",
  "handin": ObjectId("5ac549ef904fd20010474043"),
  "assigned_at": new Date(1523087211152),
  "problematic_reason": "COULD_NOT_OPEN"
},
{
  "_id": ObjectId("5ac8779f46df40001032c193"),
  "giver": ObjectId("5a96d2420cdd8c0012d652ef"),
  "assignment": ObjectId("5a3a21b00b8d050012569897"),
  "flagged": false,
  "state": "ANSWERED",
  "assigned_at": new Date(1523087263499),
  "handin": ObjectId("5ac54a14826376001175aaff"),
  "time_spent": 3010,
  "last_edited": new Date(1523090301266),
  "submitted_at": new Date(1523090298271)
},
{
  "_id": ObjectId("5ac8b8e84027ad0010a834e3"),
  "giver": ObjectId("5a971999e26395006ebf8bde"),
  "assignment": ObjectId("5a3a21b00b8d050012569897"),
  "flagged": false,
  "state": "ANSWERED",
  "assigned_at": new Date(1523103976459),
  "handin": ObjectId("5ac549ef904fd20010474043"),
  "last_edited": new Date(1523107359468),
  "time_spent": 3353,
  "submitted_at": new Date(1523107356418),
  "feedback_date": new Date(1523276814959)
},
{
  "_id": ObjectId("5ac8c61cb36d8900114a5486"),
  "giver": ObjectId("5a971999e26395006ebf8bde"),
  "assignment": ObjectId("5a3a21b00b8d050012569897"),
  "flagged": false,
  "state": "ANSWERED",
  "handin": ObjectId("5ac5409feff46b0011c59326"),
  "assigned_at": new Date(1523107356687),
  "last_edited": new Date(1523111055843),
  "time_spent": 3675,
  "submitted_at": new Date(1523111052854),
  "feedback_date": new Date(1523225178945)
},
{
  "_id": ObjectId("5ac8f29a48ee7900120ad144"),
  "giver": ObjectId("5a96f3450cdd8c0011d8e30e"),
  "assignment": ObjectId("5a3a21b00b8d050012569897"),
  "flagged": false,
  "state": "PROBLEMATIC",
  "assigned_at": new Date(1523118746649),
  "handin": ObjectId("5ac54252fed691001057d78a"),
  "problematic_other_reason": "When i download the file, it downloads as a text file",
  "problematic_reason": "OTHER"
},
{
  "_id": ObjectId("5ac8f3e240d2c1001152a7c0"),
  "giver": ObjectId("5a96f3450cdd8c0011d8e30e"),
  "assignment": ObjectId("5a3a21b00b8d050012569897"),
  "flagged": false,
  "state": "ANSWERED",
  "assigned_at": new Date(1523119074398),
  "handin": ObjectId("5ac2b5f34a352f0058d71bae"),
  "last_edited": new Date(1523122442971),
  "time_spent": 3318,
  "submitted_at": new Date(1523122440102),
  "feedback_date": new Date(1523280767758)
},
{
  "_id": ObjectId("5ac90108b36d8900127c31ab"),
  "giver": ObjectId("5a96f3450cdd8c0011d8e30e"),
  "assignment": ObjectId("5a3a21b00b8d050012569897"),
  "flagged": false,
  "state": "ANSWERED",
  "handin": ObjectId("5ac4f1f923e7fa000f4d47e9"),
  "assigned_at": new Date(1523122440287),
  "last_edited": new Date(1523124977318),
  "time_spent": 2490,
  "submitted_at": new Date(1523124977318),
  "feedback_date": new Date(1523225230426)
},
{
  "_id": ObjectId("5ac921f7d700840011591dbf"),
  "giver": ObjectId("5a97248d91362e005cac1151"),
  "assignment": ObjectId("5a3a21b00b8d050012569897"),
  "flagged": false,
  "state": "UNSTARTED",
  "assigned_at": new Date(1523130871921),
  "handin": ObjectId("5ac54a7f23e7fa000f4d4bb1")
},
{
  "_id": ObjectId("5ac922acecf4690010bff1f4"),
  "giver": ObjectId("5a971302fbeb7f001017be06"),
  "assignment": ObjectId("5a3a21b00b8d050012569897"),
  "flagged": false,
  "state": "ANSWERED",
  "handin": ObjectId("5ac54252fed691001057d78a"),
  "assigned_at": new Date(1523131052850),
  "time_spent": 1397,
  "last_edited": new Date(1523221579787),
  "submitted_at": new Date(1523221579787),
  "feedback_date": new Date(1523348223734)
},
{
  "_id": ObjectId("5ac94b7899d4fc0011bb0a0c"),
  "giver": ObjectId("5a902285c13a6c0011644389"),
  "assignment": ObjectId("5a3a21b00b8d050012569897"),
  "flagged": false,
  "state": "ANSWERED",
  "handin": ObjectId("5ac51d2879702400111e9eea"),
  "assigned_at": new Date(1523141496501),
  "last_edited": new Date(1523143189418),
  "time_spent": 1661,
  "submitted_at": new Date(1523143186517),
  "feedback_date": new Date(1523364498287)
},
{
  "_id": ObjectId("5ac952124d29350010c212e1"),
  "giver": ObjectId("5a902285c13a6c0011644389"),
  "assignment": ObjectId("5a3a21b00b8d050012569897"),
  "flagged": false,
  "state": "ANSWERED",
  "handin": ObjectId("5ac53576826376000f976f6e"),
  "assigned_at": new Date(1523143186749),
  "time_spent": 782,
  "last_edited": new Date(1523143993860),
  "submitted_at": new Date(1523143978445)
},
{
  "_id": ObjectId("5ac954830bb321001076de1e"),
  "giver": ObjectId("5a971172fbeb7f001017bdb0"),
  "assignment": ObjectId("5a3a21b00b8d050012569897"),
  "flagged": false,
  "state": "ANSWERED",
  "handin": ObjectId("5ac53f3023e7fa000f4d4b8c"),
  "assigned_at": new Date(1523143811375),
  "last_edited": new Date(1523144630014),
  "time_spent": 778,
  "submitted_at": new Date(1523144627190),
  "feedback_date": new Date(1523227083001)
},
{
  "_id": ObjectId("5ac957b4ecf4690010bff2f1"),
  "giver": ObjectId("5a971172fbeb7f001017bdb0"),
  "assignment": ObjectId("5a3a21b00b8d050012569897"),
  "flagged": false,
  "state": "ANSWERED",
  "handin": ObjectId("5ac542b635b63e000fd4ea56"),
  "assigned_at": new Date(1523144628473),
  "last_edited": new Date(1523145049642),
  "time_spent": 390,
  "submitted_at": new Date(1523145047904)
},
{
  "_id": ObjectId("5ac9d7d699d4fc0058b7a6f8"),
  "giver": ObjectId("5a96b116ece60c000fb34ee5"),
  "assignment": ObjectId("5a3a21b00b8d050012569897"),
  "flagged": false,
  "state": "ANSWERED",
  "handin": ObjectId("5ac549ef904fd20010474043"),
  "assigned_at": new Date(1523177430550),
  "time_spent": 784,
  "last_edited": new Date(1523178241170),
  "submitted_at": new Date(1523178241170),
  "feedback_date": new Date(1523276904609)
},
{
  "_id": ObjectId("5ac9db015f90bd001068df24"),
  "giver": ObjectId("5a96b116ece60c000fb34ee5"),
  "assignment": ObjectId("5a3a21b00b8d050012569897"),
  "flagged": false,
  "state": "ANSWERED",
  "assigned_at": new Date(1523178241655),
  "handin": ObjectId("5ac54a14826376001175aaff"),
  "time_spent": 585,
  "last_edited": new Date(1523181304552),
  "submitted_at": new Date(1523181303447)
},
{
  "_id": ObjectId("5ac9e6574d293500124406b9"),
  "giver": ObjectId("5a952a05cb184b0010e396cf"),
  "assignment": ObjectId("5a3a21b00b8d050012569897"),
  "flagged": false,
  "state": "ANSWERED",
  "handin": ObjectId("5ac537c48263760010e07893"),
  "assigned_at": new Date(1523181143215),
  "last_edited": new Date(1523195411930),
  "time_spent": 14233,
  "submitted_at": new Date(1523195411930)
},
{
  "_id": ObjectId("5ac9ec3bd700840011591edc"),
  "giver": ObjectId("5a947fd38bf2e50012c6b516"),
  "assignment": ObjectId("5a3a21b00b8d050012569897"),
  "flagged": false,
  "state": "ANSWERED",
  "assigned_at": new Date(1523182651823),
  "handin": ObjectId("5ac5409feff46b0011c59326"),
  "time_spent": 711,
  "last_edited": new Date(1523222274010),
  "submitted_at": new Date(1523222271029),
  "feedback_date": new Date(1523225223469)
},
{
  "_id": ObjectId("5ac9ed42d70084000f5d841f"),
  "giver": ObjectId("5a96f40b0cdd8c000fd85969"),
  "assignment": ObjectId("5a3a21b00b8d050012569897"),
  "flagged": false,
  "state": "PROBLEMATIC",
  "assigned_at": new Date(1523182914488),
  "handin": ObjectId("5ac53060826376001175aa83"),
  "problematic_reason": "COULD_NOT_OPEN"
},
{
  "_id": ObjectId("5ac9ed7240d2c10057e711c6"),
  "giver": ObjectId("5a96ce6cefb5dc000fa50977"),
  "assignment": ObjectId("5a3a21b00b8d050012569897"),
  "flagged": false,
  "state": "ANSWERED",
  "assigned_at": new Date(1523182962820),
  "handin": ObjectId("5ac54a7f23e7fa000f4d4bb1"),
  "last_edited": new Date(1523184271735),
  "time_spent": 1277,
  "submitted_at": new Date(1523184271735),
  "feedback_date": new Date(1523311701418)
},
{
  "_id": ObjectId("5ac9edee4d2935001137ce4c"),
  "giver": ObjectId("5a96f40b0cdd8c000fd85969"),
  "assignment": ObjectId("5a3a21b00b8d050012569897"),
  "flagged": false,
  "state": "PROBLEMATIC",
  "handin": ObjectId("5ac54252fed691001057d78a"),
  "assigned_at": new Date(1523183086826),
  "problematic_reason": "COULD_NOT_OPEN"
},
{
  "_id": ObjectId("5ac9f2904027ad005a2bc7ba"),
  "giver": ObjectId("5a96ce6cefb5dc000fa50977"),
  "assignment": ObjectId("5a3a21b00b8d050012569897"),
  "flagged": false,
  "state": "ANSWERED",
  "assigned_at": new Date(1523184272366),
  "handin": ObjectId("5ac53060826376001175aa83"),
  "last_edited": new Date(1523184579013),
  "time_spent": 281,
  "submitted_at": new Date(1523184579013),
  "feedback_date": new Date(1523406721327)
},
{
  "_id": ObjectId("5ac9fb214d29350057250acf"),
  "giver": ObjectId("5a97bc59fbeb7f007db46d3d"),
  "assignment": ObjectId("5a3a21b00b8d050012569897"),
  "flagged": false,
  "state": "ANSWERED",
  "handin": ObjectId("5ac528b20f32790012858c20"),
  "assigned_at": new Date(1523186465144),
  "last_edited": new Date(1523187107317),
  "time_spent": 593,
  "submitted_at": new Date(1523187107317),
  "feedback_date": new Date(1523281300690)
},
{
  "_id": ObjectId("5ac9fda34d29350057250adb"),
  "giver": ObjectId("5a97bc59fbeb7f007db46d3d"),
  "assignment": ObjectId("5a3a21b00b8d050012569897"),
  "flagged": false,
  "state": "ANSWERED",
  "handin": ObjectId("5ac53576826376000f976f6e"),
  "assigned_at": new Date(1523187107895),
  "last_edited": new Date(1523187326889),
  "time_spent": 194,
  "submitted_at": new Date(1523187323417)
},
{
  "_id": ObjectId("5aca1e14dbd5cf00103c3b35"),
  "giver": ObjectId("5a952a05cb184b0010e396cf"),
  "assignment": ObjectId("5a3a21b00b8d050012569897"),
  "flagged": false,
  "state": "ANSWERED",
  "assigned_at": new Date(1523195412683),
  "handin": ObjectId("5ac53f3023e7fa000f4d4b8c"),
  "time_spent": 2287,
  "last_edited": new Date(1523197735652),
  "submitted_at": new Date(1523197732407),
  "feedback_date": new Date(1523227111979)
},
{
  "_id": ObjectId("5aca2034ed7fca00116511ee"),
  "giver": ObjectId("5a96d2eb0cdd8c000fd85484"),
  "assignment": ObjectId("5a3a21b00b8d050012569897"),
  "flagged": false,
  "state": "PROBLEMATIC",
  "assigned_at": new Date(1523195956758),
  "handin": ObjectId("5ac549ef904fd20010474043"),
  "problematic_reason": "COULD_NOT_OPEN"
},
{
  "_id": ObjectId("5aca206387c8a50012672b5c"),
  "giver": ObjectId("5a96d2eb0cdd8c000fd85484"),
  "assignment": ObjectId("5a3a21b00b8d050012569897"),
  "flagged": false,
  "state": "ANSWERED",
  "handin": ObjectId("5ac54a14826376001175aaff"),
  "assigned_at": new Date(1523196003227),
  "time_spent": 4967,
  "last_edited": new Date(1523201007697),
  "submitted_at": new Date(1523201007697)
},
{
  "_id": ObjectId("5aca23211ba65a0012557ac3"),
  "giver": ObjectId("5a970a6996b455000ffac915"),
  "assignment": ObjectId("5a3a21b00b8d050012569897"),
  "flagged": false,
  "state": "ANSWERED",
  "handin": ObjectId("5ac549ef904fd20010474043"),
  "assigned_at": new Date(1523196705247),
  "last_edited": new Date(1523199041401),
  "time_spent": 1510,
  "submitted_at": new Date(1523198605193),
  "feedback_date": new Date(1523276995521)
},
{
  "_id": ObjectId("5aca23311ba65a000fd9b390"),
  "giver": ObjectId("5a97235a96b455000ffacd04"),
  "assignment": ObjectId("5a3a21b00b8d050012569897"),
  "flagged": false,
  "state": "ANSWERED",
  "handin": ObjectId("5ac51d2879702400111e9eea"),
  "assigned_at": new Date(1523196721219),
  "last_edited": new Date(1523198833629),
  "time_spent": 2066,
  "submitted_at": new Date(1523198830332),
  "feedback_date": new Date(1523364679059)
},
{
  "_id": ObjectId("5aca249a965a3b0011c7751b"),
  "giver": ObjectId("5a96f40b0cdd8c000fd85969"),
  "assignment": ObjectId("5a3a21b00b8d050012569897"),
  "flagged": false,
  "state": "PROBLEMATIC",
  "handin": ObjectId("5ac537c48263760010e07893"),
  "assigned_at": new Date(1523197082913),
  "problematic_reason": "COULD_NOT_OPEN"
},
{
  "_id": ObjectId("5aca252f5ece4d000f4c56a7"),
  "giver": ObjectId("5a96f40b0cdd8c000fd85969"),
  "assignment": ObjectId("5a3a21b00b8d050012569897"),
  "flagged": false,
  "state": "ANSWERED",
  "assigned_at": new Date(1523197231307),
  "handin": ObjectId("5ac542b635b63e000fd4ea56"),
  "time_spent": 285,
  "last_edited": new Date(1523213175274),
  "submitted_at": new Date(1523213175274)
},
{
  "_id": ObjectId("5aca2a8d1ba65a0012557b0f"),
  "giver": ObjectId("5a970a6996b455000ffac915"),
  "assignment": ObjectId("5a3a21b00b8d050012569897"),
  "flagged": false,
  "state": "PROBLEMATIC",
  "handin": ObjectId("5ac54252fed691001057d78a"),
  "assigned_at": new Date(1523198605624),
  "last_edited": new Date(1523198973677),
  "time_spent": 362,
  "problematic_reason": "OTHER",
  "problematic_other_reason": "The downloaded file is a text file, so all of the plots were just big masses of text. I can't really give good feedback. This also happened to the first submission, but I thought it was their mistake. I think the problem may be on my end though, since this is the second file in a row to be downloaded as a .txt.  If it wasn't a mistake and it was actually submitted as a .txt, I can still review it to the best of my ability"
},
{
  "_id": ObjectId("5aca2b6e5ece4d000f4c56c3"),
  "giver": ObjectId("5a97235a96b455000ffacd04"),
  "assignment": ObjectId("5a3a21b00b8d050012569897"),
  "flagged": false,
  "state": "ANSWERED",
  "assigned_at": new Date(1523198830892),
  "handin": ObjectId("5ac537c48263760010e07893"),
  "last_edited": new Date(1523200004915),
  "time_spent": 1134,
  "submitted_at": new Date(1523200004915)
},
{
  "_id": ObjectId("5aca2ca69fb335000f127271"),
  "giver": ObjectId("5a970a6996b455000ffac915"),
  "assignment": ObjectId("5a3a21b00b8d050012569897"),
  "flagged": false,
  "state": "ANSWERED",
  "assigned_at": new Date(1523199142124),
  "handin": ObjectId("5ac54a7f23e7fa000f4d4bb1"),
  "last_edited": new Date(1523200680309),
  "time_spent": 1509,
  "submitted_at": new Date(1523200680309),
  "feedback_date": new Date(1523311979665)
},
{
  "_id": ObjectId("5aca33f06c1142000fab186b"),
  "giver": ObjectId("5a96d2eb0cdd8c000fd85484"),
  "assignment": ObjectId("5a3a21b00b8d050012569897"),
  "flagged": false,
  "state": "ANSWERED",
  "handin": ObjectId("5ac5409feff46b0011c59326"),
  "assigned_at": new Date(1523201008288),
  "last_edited": new Date(1523202875769),
  "time_spent": 1821,
  "submitted_at": new Date(1523202872793),
  "feedback_date": new Date(1523225282341)
},
{
  "_id": ObjectId("5aca40bd23027b0012afb6a7"),
  "giver": ObjectId("5a96f6dcfbeb7f001017ba31"),
  "assignment": ObjectId("5a3a21b00b8d050012569897"),
  "flagged": false,
  "state": "PROBLEMATIC",
  "handin": ObjectId("5ac4f1f923e7fa000f4d47e9"),
  "assigned_at": new Date(1523204285683),
  "problematic_reason": "COULD_NOT_OPEN"
},
{
  "_id": ObjectId("5aca414f5ece4d0011bd8609"),
  "giver": ObjectId("5a96f6dcfbeb7f001017ba31"),
  "assignment": ObjectId("5a3a21b00b8d050012569897"),
  "flagged": false,
  "state": "ANSWERED",
  "assigned_at": new Date(1523204431422),
  "handin": ObjectId("5ac2b5f34a352f0058d71bae"),
  "last_edited": new Date(1523205567935),
  "time_spent": 985,
  "submitted_at": new Date(1523205564986),
  "feedback_date": new Date(1523280822320)
},
{
  "_id": ObjectId("5aca4439dbd5cf000ffbe1aa"),
  "giver": ObjectId("5a96f34d96b455000ffac55c"),
  "assignment": ObjectId("5a3a21b00b8d050012569897"),
  "flagged": false,
  "state": "ANSWERED",
  "assigned_at": new Date(1523205177447),
  "handin": ObjectId("5ac4f1f923e7fa000f4d47e9"),
  "time_spent": 10578,
  "last_edited": new Date(1523215842732),
  "submitted_at": new Date(1523215842732),
  "feedback_date": new Date(1523225440473)
},
{
  "_id": ObjectId("5aca45bd87c8a500103e757b"),
  "giver": ObjectId("5a96f6dcfbeb7f001017ba31"),
  "assignment": ObjectId("5a3a21b00b8d050012569897"),
  "flagged": false,
  "state": "ANSWERED",
  "handin": ObjectId("5ac528b20f32790012858c20"),
  "assigned_at": new Date(1523205565423),
  "last_edited": new Date(1523206329420),
  "time_spent": 707,
  "submitted_at": new Date(1523206326810),
  "feedback_date": new Date(1523281333506)
},
{
  "_id": ObjectId("5aca60699fb3350010dec516"),
  "giver": ObjectId("5a952f471947d4001140a578"),
  "assignment": ObjectId("5a3a21b00b8d050012569897"),
  "flagged": false,
  "state": "PROBLEMATIC",
  "assigned_at": new Date(1523212393888),
  "handin": ObjectId("5ac53060826376001175aa83"),
  "problematic_reason": "COULD_NOT_OPEN"
},
{
  "_id": ObjectId("5aca60811ba65a0012557c0d"),
  "giver": ObjectId("5a952f471947d4001140a578"),
  "assignment": ObjectId("5a3a21b00b8d050012569897"),
  "flagged": false,
  "state": "PROBLEMATIC",
  "handin": ObjectId("5ac549ef904fd20010474043"),
  "assigned_at": new Date(1523212417968),
  "problematic_reason": "WRONG_ASSIGNMENT"
},
{
  "_id": ObjectId("5aca60915ece4d0011bd866f"),
  "giver": ObjectId("5a952f471947d4001140a578"),
  "assignment": ObjectId("5a3a21b00b8d050012569897"),
  "flagged": false,
  "state": "ANSWERED",
  "assigned_at": new Date(1523212433993),
  "handin": ObjectId("5ac54a14826376001175aaff"),
  "last_edited": new Date(1523213013219),
  "time_spent": 549,
  "submitted_at": new Date(1523213010200)
},
{
  "_id": ObjectId("5aca62d29fb3350011f3ea2a"),
  "giver": ObjectId("5a952f471947d4001140a578"),
  "assignment": ObjectId("5a3a21b00b8d050012569897"),
  "flagged": false,
  "state": "ANSWERED",
  "assigned_at": new Date(1523213010813),
  "handin": ObjectId("5ac51d2879702400111e9eea"),
  "last_edited": new Date(1523214040413),
  "time_spent": 1003,
  "submitted_at": new Date(1523214040413),
  "feedback_date": new Date(1523364723852)
},
{
  "_id": ObjectId("5aca63776fc1d6001235f02a"),
  "giver": ObjectId("5a96f40b0cdd8c000fd85969"),
  "assignment": ObjectId("5a3a21b00b8d050012569897"),
  "flagged": false,
  "state": "ANSWERED",
  "handin": ObjectId("5ac53576826376000f976f6e"),
  "assigned_at": new Date(1523213175751),
  "last_edited": new Date(1523213437647),
  "time_spent": 244,
  "submitted_at": new Date(1523213434392)
},
{
  "_id": ObjectId("5aca6de36fc1d6006d5a1c56"),
  "giver": ObjectId("5a96f34d96b455000ffac55c"),
  "assignment": ObjectId("5a3a21b00b8d050012569897"),
  "flagged": false,
  "state": "ANSWERED",
  "handin": ObjectId("5ac53060826376001175aa83"),
  "assigned_at": new Date(1523215843460),
  "time_spent": 1606,
  "last_edited": new Date(1523217496632),
  "submitted_at": new Date(1523217488243),
  "feedback_date": new Date(1523407598459)
},
{
  "_id": ObjectId("5aca7ce81ba65a006b970451"),
  "giver": ObjectId("5a96b13f0cdd8c000fd8505b"),
  "assignment": ObjectId("5a3a21b00b8d050012569897"),
  "flagged": false,
  "state": "ANSWERED",
  "handin": ObjectId("5ac537c48263760010e07893"),
  "assigned_at": new Date(1523219688174),
  "last_edited": new Date(1523220236042),
  "time_spent": 520,
  "submitted_at": new Date(1523220233058)
},
{
  "_id": ObjectId("5aca7f091ba65a006b970464"),
  "giver": ObjectId("5a96b13f0cdd8c000fd8505b"),
  "assignment": ObjectId("5a3a21b00b8d050012569897"),
  "flagged": false,
  "state": "ANSWERED",
  "handin": ObjectId("5ac4f1f923e7fa000f4d47e9"),
  "assigned_at": new Date(1523220233408),
  "last_edited": new Date(1523220630473),
  "time_spent": 369,
  "submitted_at": new Date(1523220630473),
  "feedback_date": new Date(1523225522799)
},
{
  "_id": ObjectId("5aca844c63b0f40010cfc5eb"),
  "giver": ObjectId("5a971302fbeb7f001017be06"),
  "assignment": ObjectId("5a3a21b00b8d050012569897"),
  "flagged": false,
  "state": "ANSWERED",
  "handin": ObjectId("5ac2b5f34a352f0058d71bae"),
  "assigned_at": new Date(1523221580423),
  "last_edited": new Date(1523222036859),
  "time_spent": 422,
  "submitted_at": new Date(1523222031412),
  "feedback_date": new Date(1523281003151)
},
{
  "_id": ObjectId("5aca86ff63b0f40093f4218e"),
  "giver": ObjectId("5a947fd38bf2e50012c6b516"),
  "assignment": ObjectId("5a3a21b00b8d050012569897"),
  "flagged": false,
  "state": "ANSWERED",
  "handin": ObjectId("5ac528b20f32790012858c20"),
  "assigned_at": new Date(1523222271555),
  "time_spent": 502,
  "last_edited": new Date(1523222809046),
  "submitted_at": new Date(1523222809046),
  "feedback_date": new Date(1523281362199)
},
{
  "_id": ObjectId("5ad2736fec054e000f5da314"),
  "giver": ObjectId("57c2a2f4865114000f9424a1"),
  "handin": ObjectId("5a9721bcfbeb7f001017c05a"),
  "assignment": ObjectId("5a3a21af0b8d050012569879"),
  "flagged": false,
  "state": "DRAFT",
  "last_edited": new Date(1523742121633),
  "time_spent": 547
},
{
  "_id": ObjectId("5ad2fa353d8b3a0012f38c83"),
  "giver": ObjectId("57c2a2f4865114000f9424a1"),
  "handin": ObjectId("5ac54252fed691001057d78a"),
  "assignment": ObjectId("5a3a21b00b8d050012569897"),
  "flagged": false,
  "state": "ANSWERED",
  "time_spent": 1008,
  "last_edited": new Date(1523777110303),
  "submitted_at": new Date(1523777110303)
},
{
  "_id": ObjectId("5ad2fe56d065a00010d75d95"),
  "giver": ObjectId("57c2a2f4865114000f9424a1"),
  "assignment": ObjectId("5a3a21b00b8d050012569897"),
  "flagged": false,
  "state": "ANSWERED",
  "handin": ObjectId("5ac53f3023e7fa000f4d4b8c"),
  "assigned_at": new Date(1523777110682),
  "time_spent": 591,
  "last_edited": new Date(1523950625380),
  "submitted_at": new Date(1523950625380)
},
{
  "_id": ObjectId("5ad4b1386d1ef90012be0229"),
  "giver": ObjectId("57c2a2f4865114000f9424a1"),
  "handin": ObjectId("5ac4f1f923e7fa000f4d47e9"),
  "assignment": ObjectId("5a3a21b00b8d050012569897"),
  "flagged": false,
  "state": "ANSWERED",
  "time_spent": 56679,
  "last_edited": new Date(1523944398475),
  "submitted_at": new Date(1523944395020)
},
{
  "_id": ObjectId("5ad58d13bf6f91000ff002a7"),
  "giver": ObjectId("57c2a2f4865114000f9424a1"),
  "handin": ObjectId("5ac2b5f34a352f0058d71bae"),
  "assignment": ObjectId("5a3a21b00b8d050012569897"),
  "flagged": false,
  "state": "ANSWERED",
  "time_spent": 996,
  "last_edited": new Date(1523945751165),
  "submitted_at": new Date(1523945751165)
},
{
  "_id": ObjectId("5ad591973a36670011b1c2e4"),
  "giver": ObjectId("57c2a2f4865114000f9424a1"),
  "handin": ObjectId("5ac528b20f32790012858c20"),
  "assignment": ObjectId("5a3a21b00b8d050012569897"),
  "flagged": false,
  "state": "ANSWERED",
  "last_edited": new Date(1523946714296),
  "time_spent": 800,
  "submitted_at": new Date(1523946714296)
},
{
  "_id": ObjectId("5ad594fde836b50012a313da"),
  "giver": ObjectId("57c2a2f4865114000f9424a1"),
  "handin": ObjectId("5ac53576826376000f976f6e"),
  "assignment": ObjectId("5a3a21b00b8d050012569897"),
  "flagged": false,
  "state": "ANSWERED",
  "time_spent": 416,
  "last_edited": new Date(1523947251630),
  "submitted_at": new Date(1523947251630)
},
{
  "_id": ObjectId("5ad5975e9270b6001023a722"),
  "giver": ObjectId("57c2a2f4865114000f9424a1"),
  "handin": ObjectId("5ac537c48263760010e07893"),
  "assignment": ObjectId("5a3a21b00b8d050012569897"),
  "flagged": false,
  "state": "ANSWERED",
  "time_spent": 725,
  "last_edited": new Date(1523948105822),
  "submitted_at": new Date(1523948105822)
},
{
  "_id": ObjectId("5ad59a99bf6f910012dd904d"),
  "giver": ObjectId("57c2a2f4865114000f9424a1"),
  "handin": ObjectId("5ac5409feff46b0011c59326"),
  "assignment": ObjectId("5a3a21b00b8d050012569897"),
  "flagged": false,
  "state": "ANSWERED",
  "time_spent": 822,
  "last_edited": new Date(1523949038717),
  "submitted_at": new Date(1523949038717)
},
{
  "_id": ObjectId("5ad59e42afbc080058e6a050"),
  "giver": ObjectId("57c2a2f4865114000f9424a1"),
  "handin": ObjectId("5ac542b635b63e000fd4ea56"),
  "assignment": ObjectId("5a3a21b00b8d050012569897"),
  "flagged": false,
  "state": "ANSWERED",
  "last_edited": new Date(1523949939895),
  "time_spent": 796,
  "submitted_at": new Date(1523949939895)
}
]
