[
{
  "_id": ObjectId("5a5616ebf48aa5e1a58463ae"),
  "sections": [
    ObjectId("5a9543e83f68ad0010e75cdc"),
    ObjectId("5a94892a0cf53900108c8337"),
    ObjectId("5a94892a0cf53900108c833b"),
    ObjectId("5a9543e83f68ad0010e75ce0"),
    ObjectId("5a9543e83f68ad0010e75ce3"),
    ObjectId("5a9543e83f68ad0010e75ce6"),
    ObjectId("5a9543e83f68ad0010e75ceb"),
    ObjectId("5a3a21af0b8d050012569864"),
    ObjectId("5a9543e83f68ad0010e75cee"),
    ObjectId("5a3a21af0b8d05001256986d"),
    ObjectId("5a3a21af0b8d050012569871"),
    ObjectId("5a9543e83f68ad0010e75cf5"),
    ObjectId("5a9543e83f68ad0010e75cf8"),
    ObjectId("5a3a21af0b8d050012569878")
  ]
},
{
  "_id": ObjectId("5a5616ebf48aa5e1a58463af"),
  "sections": [
    ObjectId("5ac3cfd55c6905000f9becda"),
    ObjectId("5ac3cfd55c6905000f9becdc"),
    ObjectId("5ac3cfd55c6905000f9becdf"),
    ObjectId("5ac3cfd55c6905000f9bece6"),
    ObjectId("5ac3cfd55c6905000f9becec"),
    ObjectId("5ac3cfd55c6905000f9becef"),
    ObjectId("5ac3cfd55c6905000f9becf2"),
    ObjectId("5ac3cfd55c6905000f9becf4"),
    ObjectId("5a3a21b00b8d05001256988f"),
    ObjectId("5a3a21b00b8d050012569892"),
    ObjectId("5a3a21b00b8d050012569896")
  ]
},
{
  "_id": ObjectId("5a67048882ea10d65c794c43"),
  "sections": [
    ObjectId("5a67048882ea10d65c794c42")
  ]
},
{
  "_id": ObjectId("5a67048882ea10d65c794c4c"),
  "sections": [
    ObjectId("5a67048882ea10d65c794c4b")
  ]
}
]
