[
{
  "_id": ObjectId("5a3a21af0b8d050012569864"),
  "questions": [
    ObjectId("5a3a21af0b8d050012569861"),
    ObjectId("5a3a21af0b8d050012569862")
  ],
  "title": "Ex. 3.1.1 — Get Marvel character lists",
  "weight": 1.0
},
{
  "_id": ObjectId("5a3a21af0b8d05001256986d"),
  "questions": [
    ObjectId("5a3a21af0b8d050012569868"),
    ObjectId("5a9543e83f68ad0010e75cef")
  ],
  "title": "Ex. 3.2.2 — Length of pages (part 2)",
  "weight": 1.0
},
{
  "_id": ObjectId("5a3a21af0b8d050012569871"),
  "questions": [
    ObjectId("5a3a21af0b8d05001256986e"),
    ObjectId("5a3a21af0b8d05001256986f")
  ],
  "title": "Ex. 3.2.3 — Timeline",
  "weight": 1.0
},
{
  "_id": ObjectId("5a3a21af0b8d050012569878"),
  "questions": [
    ObjectId("5a3a21af0b8d050012569875"),
    ObjectId("5a94892a0cf53900108c833a"),
    ObjectId("5a3a21af0b8d050012569876"),
    ObjectId("5a3a21af0b8d050012569877")
  ],
  "title": "Overall",
  "weight": 1.0
},
{
  "_id": ObjectId("5a3a21b00b8d05001256988f"),
  "questions": [
    ObjectId("5a3a21b00b8d05001256988c"),
    ObjectId("5a3a21b00b8d05001256988d"),
    ObjectId("5a3a21b00b8d05001256988e")
  ],
  "title": "Ex. 7.2.1 — Sentiment analysis",
  "weight": 1.0
},
{
  "_id": ObjectId("5a3a21b00b8d050012569892"),
  "questions": [
    ObjectId("5a3a21b00b8d050012569890"),
    ObjectId("5a3a21b00b8d050012569891")
  ],
  "title": "Ex. 8.2.1 — MapReduce (simple)",
  "weight": 1.0
},
{
  "_id": ObjectId("5a3a21b00b8d050012569896"),
  "questions": [
    ObjectId("5a3a21b00b8d050012569893"),
    ObjectId("5a3a21b00b8d050012569894"),
    ObjectId("5a3a21b00b8d050012569895")
  ],
  "title": "Ex. 8.2.4 — MapReduce (advanced)",
  "weight": 1.0
},
{
  "_id": ObjectId("5a94892a0cf53900108c8337"),
  "questions": [
    ObjectId("5a94892a0cf53900108c8335"),
    ObjectId("5a94892a0cf53900108c8336")
  ],
  "title": "Ex. 1.2.2 — JSON and requests",
  "weight": 1.0
},
{
  "_id": ObjectId("5a94892a0cf53900108c833b"),
  "questions": [
    ObjectId("5a94892a0cf53900108c8338"),
    ObjectId("5a94892a0cf53900108c8339")
  ],
  "title": "Ex. 1.2.5 — Spoilers",
  "weight": 1.0
},
{
  "_id": ObjectId("5a9543e83f68ad0010e75cdc"),
  "questions": [
    ObjectId("5a9543e83f68ad0010e75cdb")
  ],
  "title": "Formalia",
  "weight": 1.0
},
{
  "_id": ObjectId("5a9543e83f68ad0010e75ce0"),
  "questions": [
    ObjectId("5a9543e83f68ad0010e75cdd"),
    ObjectId("5a9543e83f68ad0010e75cde"),
    ObjectId("5a9543e83f68ad0010e75cdf")
  ],
  "title": "Ex. 2.1.5 — sets and Jaccard similarity",
  "weight": 1.0
},
{
  "_id": ObjectId("5a9543e83f68ad0010e75ce3"),
  "questions": [
    ObjectId("5a9543e83f68ad0010e75ce1"),
    ObjectId("5a9543e83f68ad0010e75ce2")
  ],
  "title": "Ex. 2.2.4 — Distribution of number of comments",
  "weight": 1.0
},
{
  "_id": ObjectId("5a9543e83f68ad0010e75ce6"),
  "questions": [
    ObjectId("5a9543e83f68ad0010e75ce4"),
    ObjectId("5a9543e83f68ad0010e75ce5")
  ],
  "title": "Ex. 2.3.5 — Arrays",
  "weight": 1.0
},
{
  "_id": ObjectId("5a9543e83f68ad0010e75ceb"),
  "questions": [
    ObjectId("5a9543e83f68ad0010e75ce7"),
    ObjectId("5a9543e83f68ad0010e75ce8"),
    ObjectId("5a9543e83f68ad0010e75ce9"),
    ObjectId("5a9543e83f68ad0010e75cea")
  ],
  "title": "Ex. 2.4.1 — Descriptive statistics",
  "weight": 1.0
},
{
  "_id": ObjectId("5a9543e83f68ad0010e75cee"),
  "questions": [
    ObjectId("5a9543e83f68ad0010e75cec"),
    ObjectId("5a9543e83f68ad0010e75ced")
  ],
  "title": "Ex. 3.2.1 — Length of pages (part 1)",
  "weight": 1.0
},
{
  "_id": ObjectId("5a9543e83f68ad0010e75cf5"),
  "questions": [
    ObjectId("5a9543e83f68ad0010e75cf0"),
    ObjectId("5a9543e83f68ad0010e75cf1"),
    ObjectId("5a9543e83f68ad0010e75cf2"),
    ObjectId("5a9543e83f68ad0010e75cf3"),
    ObjectId("5a9543e83f68ad0010e75cf4")
  ],
  "title": "Ex. 4.2.1 — Classifier",
  "weight": 1.0
},
{
  "_id": ObjectId("5a9543e83f68ad0010e75cf8"),
  "questions": [
    ObjectId("5a9543e83f68ad0010e75cf6"),
    ObjectId("5a9543e83f68ad0010e75cf7")
  ],
  "title": "Ex. 4.3.2 — Cross validation",
  "weight": 1.0
},
{
  "_id": ObjectId("5ac3cfd55c6905000f9becda"),
  "questions": [
    ObjectId("5ac3cfd55c6905000f9becd9")
  ],
  "title": "Formalia",
  "weight": 1.0
},
{
  "_id": ObjectId("5ac3cfd55c6905000f9becdc"),
  "questions": [
    ObjectId("5ac3cfd55c6905000f9becdb")
  ],
  "title": "Ex. 6.0.1 — Examples of networks",
  "weight": 1.0
},
{
  "_id": ObjectId("5ac3cfd55c6905000f9becdf"),
  "questions": [
    ObjectId("5ac3cfd55c6905000f9becdd"),
    ObjectId("5ac3cfd55c6905000f9becde")
  ],
  "title": "Ex. 6.0.4 — Sparse networks",
  "weight": 1.0
},
{
  "_id": ObjectId("5ac3cfd55c6905000f9bece6"),
  "questions": [
    ObjectId("5ac3cfd55c6905000f9bece0"),
    ObjectId("5ac3cfd55c6905000f9bece1"),
    ObjectId("5ac3cfd55c6905000f9bece2"),
    ObjectId("5ac3cfd55c6905000f9bece3"),
    ObjectId("5ac3cfd55c6905000f9bece4"),
    ObjectId("5ac3cfd55c6905000f9bece5")
  ],
  "title": "Ex. 6.1.3 — Barabási–Albert Network",
  "weight": 1.0
},
{
  "_id": ObjectId("5ac3cfd55c6905000f9becec"),
  "questions": [
    ObjectId("5ac3cfd55c6905000f9bece7"),
    ObjectId("5ac3cfd55c6905000f9bece8"),
    ObjectId("5ac3cfd55c6905000f9bece9"),
    ObjectId("5ac3cfd55c6905000f9becea"),
    ObjectId("5ac3cfd55c6905000f9beceb")
  ],
  "title": "Ex. 6.2.2 — Marvel partnership network",
  "weight": 1.0
},
{
  "_id": ObjectId("5ac3cfd55c6905000f9becef"),
  "questions": [
    ObjectId("5ac3cfd55c6905000f9beced"),
    ObjectId("5ac3cfd55c6905000f9becee")
  ],
  "title": "Ex. 6.2.3 — Degree distribution",
  "weight": 1.0
},
{
  "_id": ObjectId("5ac3cfd55c6905000f9becf2"),
  "questions": [
    ObjectId("5ac3cfd55c6905000f9becf0"),
    ObjectId("5ac3cfd55c6905000f9becf1")
  ],
  "title": "Ex. 6.2.4 — High-degree characters",
  "weight": 1.0
},
{
  "_id": ObjectId("5ac3cfd55c6905000f9becf4"),
  "questions": [
    ObjectId("5ac3cfd55c6905000f9becf3")
  ],
  "title": "Ex. 7.1.1 — Wordcloud",
  "weight": 1.0
},
{
  "_id": ObjectId("5a67048882ea10d65c794c42"),
  "title": "React to your review",
  "questions": [
    ObjectId("5a67048882ea10d65c794c3b"),
    ObjectId("5a67048882ea10d65c794c3c"),
    ObjectId("5a67048882ea10d65c794c3d"),
    ObjectId("5a67048882ea10d65c794c3e"),
    ObjectId("5a67048882ea10d65c794c3f"),
    ObjectId("5a67048882ea10d65c794c40"),
    ObjectId("5a67048882ea10d65c794c41")
  ]
},
{
  "_id": ObjectId("5a67048882ea10d65c794c4b"),
  "title": "React to your review",
  "questions": [
    ObjectId("5a67048882ea10d65c794c44"),
    ObjectId("5a67048882ea10d65c794c45"),
    ObjectId("5a67048882ea10d65c794c46"),
    ObjectId("5a67048882ea10d65c794c47"),
    ObjectId("5a67048882ea10d65c794c48"),
    ObjectId("5a67048882ea10d65c794c49"),
    ObjectId("5a67048882ea10d65c794c4a")
  ]
}
]
